LocationKey,Lat,Long,Total_Leng,Red_Dot,Lat,Long
31,51.53239554,-0.17368385,335.53363379,49,51.5343313338,-0.1682173296
50,51.53571331,-0.1748713,685.22229622,49,51.5343313338,-0.1682173296
55,51.53427486,-0.17535771,454.25880609,49,51.5343313338,-0.1682173296
60,51.53385741,-0.17602867,388.083191359,49,51.5343313338,-0.1682173296
61,51.53332631,-0.17619005,312.975017886,49,51.5343313338,-0.1682173296
62,51.52965769,-0.17576351,187.952606555,49,51.5343313338,-0.1682173296
67,51.53192208,-0.18201246,604.112972071,49,51.5343313338,-0.1682173296
70,51.53206902,-0.18084119,492.888627766,49,51.5343313338,-0.1682173296
74,51.53133002,-0.18036095,444.20606994,49,51.5343313338,-0.1682173296
75,51.53320047,-0.17941048,398.522306395,49,51.5343313338,-0.1682173296
77,51.52945877,-0.17899055,208.867539319,49,51.5343313338,-0.1682173296
78,51.52946555,-0.17923143,221.889141696,49,51.5343313338,-0.1682173296
79,51.52813131,-0.17629159,338.845942371,49,51.5343313338,-0.1682173296
80,51.53255071,-0.17859453,308.192968355,49,51.5343313338,-0.1682173296
81,51.53056554,-0.17963695,390.72321326,49,51.5343313338,-0.1682173296
82,51.53003477,-0.18072669,386.289313491,49,51.5343313338,-0.1682173296
83,51.53024337,-0.17754999,76.547554902,49,51.5343313338,-0.1682173296
84,51.52854348,-0.17554103,269.620962223,49,51.5343313338,-0.1682173296
88,51.5319279,-0.18285987,643.126170521,49,51.5343313338,-0.1682173296
233,51.53213845,-0.18157551,565.518576371,49,51.5343313338,-0.1682173296
234,51.53177331,-0.18018214,419.561710664,49,51.5343313338,-0.1682173296
239,51.53267718,-0.17644184,239.380924025,49,51.5343313338,-0.1682173296
240,51.53121657,-0.18201579,545.220359886,49,51.5343313338,-0.1682173296
249,51.53430977,-0.17548005,462.409174734,49,51.5343313338,-0.1682173296
279,51.52869215,-0.17927231,330.599150622,49,51.5343313338,-0.1682173296
280,51.5281164,-0.17845659,415.785969465,49,51.5343313338,-0.1682173296
4,51.53356609,-0.17249056,385.611354708,48,51.4877515298,-0.1414371342
5,51.53588173,-0.16268738,597.279386856,48,51.4877515298,-0.1414371342
6,51.53580637,-0.16151606,606.751209516,48,51.4877515298,-0.1414371342
7,51.53585413,-0.16659981,266.391760616,48,51.4877515298,-0.1414371342
9,51.53436261,-0.16691222,119.989027809,48,51.4877515298,-0.1414371342
10,51.53601317,-0.16271482,610.260805033,48,51.4877515298,-0.1414371342
11,51.53591582,-0.16455248,438.173739514,48,51.4877515298,-0.1414371342
12,51.53731073,-0.16874147,478.795415523,48,51.4877515298,-0.1414371342
13,51.53364028,-0.16675897,153.429693853,48,51.4877515298,-0.1414371342
14,51.53426496,-0.17098205,262.964840328,48,51.4877515298,-0.1414371342
15,51.53495609,-0.16946391,132.504694413,48,51.4877515298,-0.1414371342
16,51.53388461,-0.16582997,213.140139456,48,51.4877515298,-0.1414371342
17,51.53408375,-0.16774552,43.9639985267,48,51.4877515298,-0.1414371342
18,51.53361369,-0.16947609,139.419803485,48,51.4877515298,-0.1414371342
19,51.53253166,-0.16894134,282.332524875,48,51.4877515298,-0.1414371342
20,51.53357815,-0.17074669,223.345805139,48,51.4877515298,-0.1414371342
21,51.53347267,-0.17076212,214.499242987,48,51.4877515298,-0.1414371342
22,51.53315037,-0.17022737,226.255792734,48,51.4877515298,-0.1414371342
23,51.53315037,-0.17022737,226.255792734,48,51.4877515298,-0.1414371342
24,51.53302392,-0.17021337,238.006766569,48,51.4877515298,-0.1414371342
25,51.53302392,-0.17021337,238.006766569,48,51.4877515298,-0.1414371342
26,51.53278152,-0.16978145,277.651247279,48,51.4877515298,-0.1414371342
27,51.53278152,-0.16978145,277.651247279,48,51.4877515298,-0.1414371342
30,51.53453257,-0.17039809,212.655755779,48,51.4877515298,-0.1414371342
32,51.53384528,-0.17189531,333.910681711,48,51.4877515298,-0.1414371342
33,51.53351969,-0.17195588,382.603172138,48,51.4877515298,-0.1414371342
34,51.53714405,-0.16985145,433.949800297,48,51.4877515298,-0.1414371342
35,51.53453624,-0.17076824,254.018061076,48,51.4877515298,-0.1414371342
37,51.53289057,-0.16643761,254.962726873,48,51.4877515298,-0.1414371342
38,51.53771018,-0.16852686,440.299316706,48,51.4877515298,-0.1414371342
39,51.53485601,-0.17321164,479.504162359,48,51.4877515298,-0.1414371342
41,51.5348902,-0.17249001,412.755765185,48,51.4877515298,-0.1414371342
242,51.53429053,-0.17285817,442.567283826,48,51.4877515298,-0.1414371342
245,51.53631266,-0.17192143,398.706976564,48,51.4877515298,-0.1414371342
248,51.53588162,-0.16744701,246.878582424,48,51.4877515298,-0.1414371342
282,51.53477945,-0.16620693,178.528424343,48,51.4877515298,-0.1414371342
284,51.53634018,-0.16099739,705.329404272,48,51.4877515298,-0.1414371342
838,51.53413919,-0.17156107,307.212822223,48,51.4877515298,-0.1414371342
857,51.48832445,-0.13772209,266.645144721,47,51.5080555277,-0.1533191027
858,51.4878888,-0.14086398,42.6681154075,47,51.5080555277,-0.1533191027
859,51.48809112,-0.13921899,159.184433261,47,51.5080555277,-0.1533191027
860,51.48758336,-0.14252687,77.3097579573,47,51.5080555277,-0.1533191027
865,51.48806605,-0.14103934,57.724219001,47,51.5080555277,-0.1533191027
869,51.48945972,-0.13898647,303.944039535,47,51.5080555277,-0.1533191027
870,51.48947901,-0.14026611,266.247784856,47,51.5080555277,-0.1533191027
871,51.48923287,-0.14137096,226.011015035,47,51.5080555277,-0.1533191027
873,51.48963113,-0.14144066,290.524411502,47,51.5080555277,-0.1533191027
874,51.49038034,-0.14220057,416.138483544,47,51.5080555277,-0.1533191027
875,51.48947782,-0.14230163,269.705020953,47,51.5080555277,-0.1533191027
877,51.48809914,-0.14068028,87.3526591899,47,51.5080555277,-0.1533191027
878,51.48953783,-0.14298386,295.981390162,47,51.5080555277,-0.1533191027
880,51.48849993,-0.14520902,308.302151895,47,51.5080555277,-0.1533191027
881,51.48946355,-0.1444592,298.326985085,47,51.5080555277,-0.1533191027
954,51.48706524,-0.13815934,332.898728564,47,51.5080555277,-0.1533191027
967,51.48572383,-0.13762176,480.724275082,47,51.5080555277,-0.1533191027
970,51.48791898,-0.13986801,111.140094607,47,51.5080555277,-0.1533191027
971,51.48776983,-0.14177968,22.2761477493,47,51.5080555277,-0.1533191027
972,51.48976838,-0.1414904,302.515845256,47,51.5080555277,-0.1533191027
979,51.48850246,-0.14167968,141.045119328,47,51.5080555277,-0.1533191027
980,51.48724414,-0.13719496,391.13457033,47,51.5080555277,-0.1533191027
981,51.48743044,-0.13612719,468.145414966,47,51.5080555277,-0.1533191027
983,51.48876433,-0.14530291,335.018065263,47,51.5080555277,-0.1533191027
984,51.48895525,-0.13868055,308.939810878,47,51.5080555277,-0.1533191027
986,51.48494325,-0.13841374,618.464253009,47,51.5080555277,-0.1533191027
988,51.48798739,-0.14003967,100.947413287,47,51.5080555277,-0.1533191027
989,51.48750828,-0.14383027,167.732164472,47,51.5080555277,-0.1533191027
991,51.4902504,-0.14274634,404.377823199,47,51.5080555277,-0.1533191027
999,51.48775513,-0.14575521,404.59038942,47,51.5080555277,-0.1533191027
1000,51.48849477,-0.14290617,132.310560887,47,51.5080555277,-0.1533191027
214,51.50942096,-0.15263934,215.97707052,46,51.5005336834,-0.1655424968
215,51.5099794,-0.14973312,427.130038164,46,51.5005336834,-0.1655424968
216,51.50961617,-0.15136712,306.765617818,46,51.5005336834,-0.1655424968
217,51.50961617,-0.15136712,306.765617818,46,51.5005336834,-0.1655424968
228,51.50668521,-0.1515442,268.060415036,46,51.5005336834,-0.1655424968
230,51.51027224,-0.15507741,313.05330841,46,51.5005336834,-0.1655424968
1057,51.5071583,-0.15341893,375.085906824,46,51.5005336834,-0.1655424968
1058,51.50950278,-0.15643819,433.122274349,46,51.5005336834,-0.1655424968
1095,51.51044146,-0.15753856,432.685610842,46,51.5005336834,-0.1655424968
1283,51.51064606,-0.15461279,300.539587452,46,51.5005336834,-0.1655424968
1284,51.50876992,-0.15369773,82.2947554351,46,51.5005336834,-0.1655424968
1285,51.51057301,-0.15647357,409.199384526,46,51.5005336834,-0.1655424968
1295,51.509754,-0.15385908,210.256617368,46,51.5005336834,-0.1655424968
1296,51.50934817,-0.1527451,206.505433284,46,51.5005336834,-0.1655424968
1297,51.50861264,-0.15281685,97.7721435038,46,51.5005336834,-0.1655424968
1298,51.50914986,-0.15252825,189.562932213,46,51.5005336834,-0.1655424968
1299,51.50879546,-0.15251588,141.75768336,46,51.5005336834,-0.1655424968
1300,51.50893487,-0.14950101,288.135497382,46,51.5005336834,-0.1655424968
1301,51.5071924,-0.15185979,280.942331024,46,51.5005336834,-0.1655424968
1302,51.50719136,-0.15095497,296.426830647,46,51.5005336834,-0.1655424968
1303,51.50676501,-0.15105523,303.147231052,46,51.5005336834,-0.1655424968
1304,51.50986173,-0.15200348,312.337833228,46,51.5005336834,-0.1655424968
1305,51.50812054,-0.15120131,182.955183339,46,51.5005336834,-0.1655424968
1307,51.5070084,-0.14947749,511.378134651,46,51.5005336834,-0.1655424968
1308,51.5077153,-0.14952551,344.940965724,46,51.5005336834,-0.1655424968
1309,51.50790401,-0.15048993,255.60304542,46,51.5005336834,-0.1655424968
1310,51.50652105,-0.14968314,432.761276348,46,51.5005336834,-0.1655424968
1311,51.50658716,-0.14862243,506.449198691,46,51.5005336834,-0.1655424968
1319,51.50724659,-0.14720144,556.396915201,46,51.5005336834,-0.1655424968
1320,51.5079869,-0.14840324,423.277185235,46,51.5005336834,-0.1655424968
1321,51.50873495,-0.14671424,563.852950509,46,51.5005336834,-0.1655424968
1322,51.5090165,-0.149361,301.211559427,46,51.5005336834,-0.1655424968
1323,51.5083208,-0.14933974,346.94604039,46,51.5005336834,-0.1655424968
1324,51.50874947,-0.14846616,392.399535815,46,51.5005336834,-0.1655424968
940,51.50110815,-0.1621285,408.770368215,45,51.4959652751,-0.1545006241
943,51.50028084,-0.16466392,140.787615486,45,51.4959652751,-0.1545006241
944,51.50117115,-0.16560204,74.3324738424,45,51.4959652751,-0.1545006241
945,51.50043354,-0.16643734,62.4651175416,45,51.4959652751,-0.1545006241
946,51.50006595,-0.16638101,110.413057897,45,51.4959652751,-0.1545006241
947,51.49923181,-0.16569384,188.013629704,45,51.4959652751,-0.1545006241
948,51.49943059,-0.16732838,244.620945291,45,51.4959652751,-0.1545006241
949,51.49894083,-0.16723089,316.049411663,45,51.4959652751,-0.1545006241
950,51.50045276,-0.16848593,472.509519999,45,51.4959652751,-0.1545006241
1076,51.50073318,-0.16397209,250.065928654,45,51.4959652751,-0.1545006241
1079,51.50094417,-0.16378394,288.24579303,45,51.4959652751,-0.1545006241
1080,51.50149673,-0.16833922,374.136399426,45,51.4959652751,-0.1545006241
1081,51.50151444,-0.16807378,342.294580329,45,51.4959652751,-0.1545006241
902,51.49367339,-0.15478251,358.127547111,44,51.4948571344,-0.1290882479
908,51.49395328,-0.15142327,310.992764953,44,51.4948571344,-0.1290882479
909,51.493953,-0.15127243,318.335597945,44,51.4948571344,-0.1290882479
910,51.49435583,-0.15128346,319.093371976,44,51.4948571344,-0.1290882479
911,51.49569635,-0.1493078,517.894187324,44,51.4948571344,-0.1290882479
912,51.49669858,-0.15563417,111.634611843,44,51.4948571344,-0.1290882479
913,51.49554222,-0.15392037,63.2775677114,44,51.4948571344,-0.1290882479
914,51.49517369,-0.1537466,120.760642612,44,51.4948571344,-0.1290882479
915,51.49461792,-0.15287159,215.408043276,44,51.4948571344,-0.1290882479
919,51.49502953,-0.1488277,570.033610869,44,51.4948571344,-0.1290882479
920,51.49569654,-0.14973825,472.407254266,44,51.4948571344,-0.1290882479
921,51.49655767,-0.15118493,335.764307796,44,51.4948571344,-0.1290882479
922,51.49716643,-0.15208679,244.498172853,44,51.4948571344,-0.1290882479
929,51.49795206,-0.1502161,427.295488989,44,51.4948571344,-0.1290882479
936,51.49972802,-0.15678855,640.92214282,44,51.4948571344,-0.1290882479
937,51.49897305,-0.1573403,773.611642682,44,51.4948571344,-0.1290882479
938,51.49877818,-0.15625577,431.825633317,44,51.4948571344,-0.1290882479
956,51.49431412,-0.1518352,262.436851082,44,51.4948571344,-0.1290882479
961,51.50044237,-0.15603854,633.091904749,44,51.4948571344,-0.1290882479
969,51.49598252,-0.15013209,430.490808342,44,51.4948571344,-0.1290882479
1001,51.49357543,-0.15529375,369.518406863,44,51.4948571344,-0.1290882479
1002,51.4957152,-0.15186981,255.122333069,44,51.4948571344,-0.1290882479
1003,51.49626443,-0.15124315,329.097165064,44,51.4948571344,-0.1290882479
1004,51.49641415,-0.14996447,451.566996706,44,51.4948571344,-0.1290882479
1005,51.49688561,-0.15023339,427.75791194,44,51.4948571344,-0.1290882479
1006,51.49742427,-0.15013208,428.478360045,44,51.4948571344,-0.1290882479
1011,51.4957993,-0.15432849,22.9823112762,44,51.4948571344,-0.1290882479
1015,51.49540311,-0.14985695,471.905127251,44,51.4948571344,-0.1290882479
1016,51.49687971,-0.15165713,288.067123912,44,51.4948571344,-0.1290882479
1021,51.49960904,-0.15443527,541.727581996,44,51.4948571344,-0.1290882479
1022,51.49842522,-0.15374255,423.921453674,44,51.4948571344,-0.1290882479
1023,51.498446,-0.15288204,396.970541135,44,51.4948571344,-0.1290882479
1024,51.4988752,-0.15253408,451.574701863,44,51.4948571344,-0.1290882479
1060,51.4940392,-0.15087358,367.613324736,44,51.4948571344,-0.1290882479
1061,51.49434926,-0.15093091,360.645543738,44,51.4948571344,-0.1290882479
1062,51.49343347,-0.1543728,397.133565635,44,51.4948571344,-0.1290882479
1069,51.49721655,-0.15392021,188.345333556,44,51.4948571344,-0.1290882479
1070,51.49743561,-0.15426927,222.783766548,44,51.4948571344,-0.1290882479
1071,51.49627443,-0.15495938,45.4478518586,44,51.4948571344,-0.1290882479
1072,51.49360979,-0.15293334,370.70273243,44,51.4948571344,-0.1290882479
1073,51.49484447,-0.15555735,299.569287657,44,51.4948571344,-0.1290882479
287,51.494087,-0.13419764,399.38693279,43,51.5162483227,-0.1329104793
288,51.49337661,-0.1335788,428.879239709,43,51.5162483227,-0.1329104793
299,51.49368127,-0.13306438,388.453201824,43,51.5162483227,-0.1329104793
300,51.49393377,-0.1329991,354.832685588,43,51.5162483227,-0.1329104793
301,51.49417548,-0.13272514,321.890022459,43,51.5162483227,-0.1329104793
302,51.49406099,-0.13383518,368.467337755,43,51.5162483227,-0.1329104793
303,51.49483081,-0.13377856,344.831399704,43,51.5162483227,-0.1329104793
310,51.49299964,-0.12754089,368.422102297,43,51.5162483227,-0.1329104793
311,51.49299612,-0.12764529,365.936148474,43,51.5162483227,-0.1329104793
313,51.49243958,-0.12888016,271.475117632,43,51.5162483227,-0.1329104793
314,51.491991,-0.12892278,320.401813834,43,51.5162483227,-0.1329104793
319,51.49200841,-0.12563785,567.05246754,43,51.5162483227,-0.1329104793
320,51.49192304,-0.125394,574.154850709,43,51.5162483227,-0.1329104793
321,51.49424252,-0.12911542,69.4336736686,43,51.5162483227,-0.1329104793
322,51.49392665,-0.12843616,144.876398453,43,51.5162483227,-0.1329104793
323,51.49398052,-0.12796646,177.643984767,43,51.5162483227,-0.1329104793
324,51.49483997,-0.1313969,159.290984052,43,51.5162483227,-0.1329104793
325,51.49482286,-0.12999099,61.7627672707,43,51.5162483227,-0.1329104793
326,51.49493595,-0.13105183,135.750924131,43,51.5162483227,-0.1329104793
327,51.49490592,-0.127304,124.692658698,43,51.5162483227,-0.1329104793
328,51.49491456,-0.12847134,43.6727960812,43,51.5162483227,-0.1329104793
329,51.49568221,-0.13085757,205.858515171,43,51.5162483227,-0.1329104793
330,51.49521879,-0.13077093,154.112983231,43,51.5162483227,-0.1329104793
331,51.49518939,-0.13189529,226.892456473,43,51.5162483227,-0.1329104793
332,51.49625666,-0.13265067,447.69801263,43,51.5162483227,-0.1329104793
333,51.49534169,-0.12895263,73.6663381565,43,51.5162483227,-0.1329104793
334,51.49535971,-0.12692684,207.485105209,43,51.5162483227,-0.1329104793
335,51.49589898,-0.12790457,215.832066745,43,51.5162483227,-0.1329104793
336,51.49628144,-0.12679371,318.12522551,43,51.5162483227,-0.1329104793
337,51.49567859,-0.12734079,267.146088274,43,51.5162483227,-0.1329104793
338,51.49601323,-0.12601662,342.465160171,43,51.5162483227,-0.1329104793
339,51.49609406,-0.12590841,350.830263753,43,51.5162483227,-0.1329104793
340,51.49673137,-0.12778734,328.813913437,43,51.5162483227,-0.1329104793
341,51.4969857,-0.12697614,386.240127483,43,51.5162483227,-0.1329104793
342,51.49690787,-0.13020932,286.736492075,43,51.5162483227,-0.1329104793
343,51.4970614,-0.12664118,417.944822806,43,51.5162483227,-0.1329104793
344,51.49738703,-0.12663719,454.172954393,43,51.5162483227,-0.1329104793
345,51.49787597,-0.12838454,408.448374016,43,51.5162483227,-0.1329104793
346,51.4970458,-0.13042263,320.487936115,43,51.5162483227,-0.1329104793
347,51.49804573,-0.1306549,434.9163961,43,51.5162483227,-0.1329104793
348,51.49754393,-0.13339931,573.412659353,43,51.5162483227,-0.1329104793
349,51.49722974,-0.13231765,467.009739429,43,51.5162483227,-0.1329104793
350,51.49777913,-0.13242858,528.578920284,43,51.5162483227,-0.1329104793
612,51.49635304,-0.12928712,165.887751139,43,51.5162483227,-0.1329104793
1412,51.49475185,-0.13210253,208.086651732,43,51.5162483227,-0.1329104793
1413,51.49449705,-0.13242679,271.950872662,43,51.5162483227,-0.1329104793
626,51.51763202,-0.13695574,412.218126778,42,51.5322529584,-0.1911686282
695,51.51755944,-0.13569959,303.480435415,42,51.5322529584,-0.1911686282
1050,51.51305796,-0.13161445,433.262894339,42,51.5322529584,-0.1911686282
1053,51.5147369,-0.13064704,346.714685172,42,51.5322529584,-0.1911686282
1054,51.51530236,-0.13167025,169.513087483,42,51.5322529584,-0.1911686282
1055,51.51528396,-0.13281924,138.497237406,42,51.5322529584,-0.1911686282
1056,51.51365964,-0.1316091,347.965539396,42,51.5322529584,-0.1911686282
1154,51.5127973,-0.12852164,589.436077103,42,51.5322529584,-0.1911686282
1157,51.51410955,-0.13097086,319.303206598,42,51.5322529584,-0.1911686282
1158,51.51528117,-0.13155365,174.881552138,42,51.5322529584,-0.1911686282
1159,51.51578717,-0.13214376,100.465571142,42,51.5322529584,-0.1911686282
1160,51.51416241,-0.13291308,302.64186276,42,51.5322529584,-0.1911686282
1161,51.51580518,-0.13452884,360.451400468,42,51.5322529584,-0.1911686282
1162,51.51553871,-0.1356422,261.275893673,42,51.5322529584,-0.1911686282
1164,51.51540198,-0.13647487,330.036984374,42,51.5322529584,-0.1911686282
1165,51.51444633,-0.13569726,425.180500476,42,51.5322529584,-0.1911686282
1169,51.5148528,-0.13699105,407.431061553,42,51.5322529584,-0.1911686282
1225,51.51658371,-0.13732029,362.529908516,42,51.5322529584,-0.1911686282
1226,51.51733696,-0.13763168,439.297484506,42,51.5322529584,-0.1911686282
1227,51.51787841,-0.13711222,441.74723592,42,51.5322529584,-0.1911686282
1228,51.51645289,-0.13620163,271.029558162,42,51.5322529584,-0.1911686282
1229,51.51721126,-0.13376674,121.137675175,42,51.5322529584,-0.1911686282
1230,51.51708713,-0.13573885,275.889108068,42,51.5322529584,-0.1911686282
1404,51.51744215,-0.13809775,472.476179467,42,51.5322529584,-0.1911686282
58,51.53382373,-0.18690296,346.406008164,41,51.5292593236,-0.1983938951
96,51.53329089,-0.18873088,236.338197534,41,51.5292593236,-0.1983938951
108,51.52852447,-0.1915326,507.184855892,41,51.5292593236,-0.1983938951
109,51.52852447,-0.1915326,507.184855892,41,51.5292593236,-0.1983938951
111,51.52791173,-0.1911235,545.898965768,41,51.5292593236,-0.1983938951
112,51.52927815,-0.19319053,550.414766462,41,51.5292593236,-0.1983938951
124,51.53357834,-0.19215157,449.469997525,41,51.5292593236,-0.1983938951
125,51.53444133,-0.1926784,351.49527591,41,51.5292593236,-0.1983938951
127,51.53345728,-0.19034135,242.663895744,41,51.5292593236,-0.1983938951
128,51.53304107,-0.1896667,177.391189586,41,51.5292593236,-0.1983938951
137,51.53478169,-0.19027792,440.322801878,41,51.5292593236,-0.1983938951
164,51.53169307,-0.19321546,122.516841618,41,51.5292593236,-0.1983938951
93,51.52630498,-0.19420029,572.06713424,40,51.5304084602,-0.2129677141
118,51.52786016,-0.1926006,697.713204165,40,51.5304084602,-0.2129677141
121,51.52756973,-0.19511783,415.356902685,40,51.5304084602,-0.2129677141
129,51.52659761,-0.1917329,677.115800904,40,51.5304084602,-0.2129677141
135,51.52772217,-0.19451938,478.965043436,40,51.5304084602,-0.2129677141
136,51.52735159,-0.19519528,391.464114905,40,51.5304084602,-0.2129677141
140,51.5275191,-0.19648648,284.420904671,40,51.5304084602,-0.2129677141
141,51.52616281,-0.19508432,487.03313947,40,51.5304084602,-0.2129677141
143,51.5272234,-0.19722493,284.585749838,40,51.5304084602,-0.2129677141
163,51.52818557,-0.19611733,338.252374873,40,51.5304084602,-0.2129677141
251,51.53081051,-0.20309814,519.972403734,40,51.5304084602,-0.2129677141
252,51.53248251,-0.20389202,639.953811697,40,51.5304084602,-0.2129677141
268,51.53094075,-0.20460118,573.723145336,40,51.5304084602,-0.2129677141
271,51.5307945,-0.2040206,569.021473936,40,51.5304084602,-0.2129677141
272,51.53256966,-0.20481807,720.803904004,40,51.5304084602,-0.2129677141
274,51.52884895,-0.20298904,467.623693864,40,51.5304084602,-0.2129677141
770,51.52866659,-0.20210156,402.852517496,40,51.5304084602,-0.2129677141
784,51.52780796,-0.20133195,438.760320749,40,51.5304084602,-0.2129677141
785,51.52767182,-0.19938313,277.82210971,40,51.5304084602,-0.2129677141
786,51.5260137,-0.19789771,472.43185648,40,51.5304084602,-0.2129677141
787,51.52544712,-0.20024063,530.502596457,40,51.5304084602,-0.2129677141
788,51.52830815,-0.19837699,107.467438647,40,51.5304084602,-0.2129677141
789,51.5294779,-0.1983895,23.3736782797,40,51.5304084602,-0.2129677141
790,51.53210894,-0.2023724,450.558387942,40,51.5304084602,-0.2129677141
791,51.53179251,-0.20268817,478.487554147,40,51.5304084602,-0.2129677141
792,51.53256467,-0.20291209,528.015991539,40,51.5304084602,-0.2129677141
793,51.53013703,-0.20149145,306.407264098,40,51.5304084602,-0.2129677141
794,51.52938966,-0.19908976,49.7063486025,40,51.5304084602,-0.2129677141
795,51.5296426,-0.19938875,97.9341882351,40,51.5304084602,-0.2129677141
796,51.52913773,-0.20126628,265.626763694,40,51.5304084602,-0.2129677141
797,51.53259046,-0.20382277,651.825639374,40,51.5304084602,-0.2129677141
798,51.53098348,-0.20465986,576.84324129,40,51.5304084602,-0.2129677141
829,51.5281967,-0.20134593,395.685459166,40,51.5304084602,-0.2129677141
830,51.52752691,-0.20108202,481.47524414,40,51.5304084602,-0.2129677141
831,51.52704654,-0.19880493,347.697431196,40,51.5304084602,-0.2129677141
832,51.52694557,-0.20108979,540.845583921,40,51.5304084602,-0.2129677141
833,51.5266041,-0.19931302,412.090222112,40,51.5304084602,-0.2129677141
834,51.53179101,-0.20111448,351.459834253,40,51.5304084602,-0.2129677141
835,51.52976746,-0.2013563,214.785256705,40,51.5304084602,-0.2129677141
836,51.52794004,-0.19838101,149.164588681,40,51.5304084602,-0.2129677141
254,51.53127248,-0.20837855,518.86342345,39,51.5171950842,-0.1974574843
257,51.53161467,-0.20552933,683.094694715,39,51.5171950842,-0.1974574843
258,51.53071701,-0.20595378,527.02699286,39,51.5171950842,-0.1974574843
259,51.52818503,-0.21421515,303.258348597,39,51.5171950842,-0.1974574843
261,51.52789996,-0.21199646,377.477174648,39,51.5171950842,-0.1974574843
263,51.5291919,-0.2127866,159.471893427,39,51.5171950842,-0.1974574843
264,51.52880222,-0.20910113,418.114690223,39,51.5171950842,-0.1974574843
265,51.52966226,-0.21248824,117.568774492,39,51.5171950842,-0.1974574843
267,51.53013539,-0.21200231,91.8692727191,39,51.5171950842,-0.1974574843
269,51.53093554,-0.21193631,127.416409531,39,51.5171950842,-0.1974574843
270,51.5311107,-0.2142323,171.667323223,39,51.5171950842,-0.1974574843
275,51.53102606,-0.21314453,68.7798995929,39,51.5171950842,-0.1974574843
276,51.53056775,-0.20839631,362.881254126,39,51.5171950842,-0.1974574843
617,51.52709981,-0.21310225,401.995820279,39,51.5171950842,-0.1974574843
757,51.52719344,-0.21528868,551.964666708,39,51.5171950842,-0.1974574843
758,51.52769921,-0.21244459,374.517020829,39,51.5171950842,-0.1974574843
759,51.52884153,-0.21163098,269.992022649,39,51.5171950842,-0.1974574843
760,51.52879096,-0.21094658,320.798058912,39,51.5171950842,-0.1974574843
761,51.52873059,-0.21012361,371.179289506,39,51.5171950842,-0.1974574843
800,51.53239883,-0.20598984,775.899254246,39,51.5171950842,-0.1974574843
801,51.53252341,-0.20830188,768.62668013,39,51.5171950842,-0.1974574843
802,51.531701,-0.20929224,438.586826782,39,51.5171950842,-0.1974574843
803,51.53042925,-0.20754251,412.450719149,39,51.5171950842,-0.1974574843
804,51.53145176,-0.21052964,265.713097032,39,51.5171950842,-0.1974574843
805,51.53168729,-0.21101158,254.672601755,39,51.5171950842,-0.1974574843
806,51.53138377,-0.21143839,219.744567327,39,51.5171950842,-0.1974574843
807,51.53089191,-0.21073965,196.138484481,39,51.5171950842,-0.1974574843
808,51.53041942,-0.21267862,20.783970532,39,51.5171950842,-0.1974574843
809,51.53046459,-0.21089417,145.052025795,39,51.5171950842,-0.1974574843
810,51.53013217,-0.2081047,341.78743784,39,51.5171950842,-0.1974574843
811,51.53002371,-0.21091407,168.399009002,39,51.5171950842,-0.1974574843
812,51.52957555,-0.21118916,208.014474686,39,51.5171950842,-0.1974574843
813,51.5291836,-0.20784827,443.741233045,39,51.5171950842,-0.1974574843
815,51.52951999,-0.21317818,101.161830009,39,51.5171950842,-0.1974574843
816,51.53091299,-0.21378872,179.898300261,39,51.5171950842,-0.1974574843
817,51.52973151,-0.21451845,259.455336689,39,51.5171950842,-0.1974574843
818,51.52960558,-0.21528274,277.476514042,39,51.5171950842,-0.1974574843
819,51.53151372,-0.21322152,122.976435381,39,51.5171950842,-0.1974574843
822,51.52903503,-0.21242703,202.141073897,39,51.5171950842,-0.1974574843
839,51.53242992,-0.20766306,805.361235766,39,51.5171950842,-0.1974574843
840,51.53189553,-0.20687213,656.702655463,39,51.5171950842,-0.1974574843
841,51.53172904,-0.20736971,659.051611557,39,51.5171950842,-0.1974574843
526,51.51920468,-0.1944088,442.530654445,38,51.5120102405,-0.1924451677
568,51.51792659,-0.19369958,274.734216387,38,51.5120102405,-0.1924451677
569,51.51611831,-0.19538605,270.595953287,38,51.5120102405,-0.1924451677
572,51.51586006,-0.19412232,398.063726452,38,51.5120102405,-0.1924451677
573,51.51769487,-0.1938379,282.442360636,38,51.5120102405,-0.1924451677
574,51.5160443,-0.19320255,478.240923852,38,51.5120102405,-0.1924451677
577,51.51685635,-0.19241252,490.411801208,38,51.5120102405,-0.1924451677
589,51.51908784,-0.19483034,395.291645435,38,51.5120102405,-0.1924451677
590,51.51805567,-0.20040422,398.388082203,38,51.5120102405,-0.1924451677
591,51.51876305,-0.19989079,385.676820206,38,51.5120102405,-0.1924451677
592,51.51848673,-0.20084706,456.743070153,38,51.5120102405,-0.1924451677
594,51.51829835,-0.19760839,152.221324234,38,51.5120102405,-0.1924451677
595,51.51832465,-0.19582677,440.015558875,38,51.5120102405,-0.1924451677
596,51.51689823,-0.19939158,137.660773862,38,51.5120102405,-0.1924451677
597,51.51709899,-0.19787796,30.3058290547,38,51.5120102405,-0.1924451677
598,51.51737452,-0.19663158,61.3220827028,38,51.5120102405,-0.1924451677
599,51.51681416,-0.1990913,132.686997844,38,51.5120102405,-0.1924451677
600,51.51582286,-0.19869695,246.129452998,38,51.5120102405,-0.1924451677
601,51.5159686,-0.19788312,186.147501161,38,51.5120102405,-0.1924451677
602,51.51571784,-0.19696162,169.173990092,38,51.5120102405,-0.1924451677
604,51.51567179,-0.19584854,262.074352189,38,51.5120102405,-0.1924451677
605,51.51558024,-0.19826107,263.59552602,38,51.5120102405,-0.1924451677
607,51.51505132,-0.19931789,252.128953701,38,51.5120102405,-0.1924451677
550,51.51172834,-0.18883873,362.820708344,37,51.5252134532,-0.1659451849
551,51.51141715,-0.18952741,306.304695842,37,51.5252134532,-0.1659451849
552,51.51098761,-0.19026344,282.062280339,37,51.5252134532,-0.1659451849
553,51.51249751,-0.18976259,194.919562265,37,51.5252134532,-0.1659451849
554,51.51210172,-0.19202436,31.3138699613,37,51.5252134532,-0.1659451849
555,51.51253553,-0.1894948,214.164876808,37,51.5252134532,-0.1659451849
556,51.51244961,-0.18950153,211.784211471,37,51.5252134532,-0.1659451849
557,51.51222869,-0.19138414,78.0268955753,37,51.5252134532,-0.1659451849
558,51.51279301,-0.19350826,155.371177746,37,51.5252134532,-0.1659451849
559,51.51044075,-0.19171512,183.030387139,37,51.5252134532,-0.1659451849
563,51.51361775,-0.18986426,313.746447787,37,51.5252134532,-0.1659451849
565,51.51422605,-0.19046769,376.34133924,37,51.5252134532,-0.1659451849
566,51.51371757,-0.18965506,343.078965938,37,51.5252134532,-0.1659451849
567,51.51201476,-0.19097509,137.86782756,37,51.5252134532,-0.1659451849
570,51.51413289,-0.19372392,286.92694972,37,51.5252134532,-0.1659451849
571,51.51215687,-0.19310092,63.2580322358,37,51.5252134532,-0.1659451849
580,51.51389344,-0.19160841,279.824155707,37,51.5252134532,-0.1659451849
581,51.51386248,-0.19353302,254.893236926,37,51.5252134532,-0.1659451849
582,51.5140017,-0.19303845,308.231585526,37,51.5252134532,-0.1659451849
583,51.51359751,-0.19202332,289.035732639,37,51.5252134532,-0.1659451849
584,51.51353323,-0.19195688,285.897401148,37,51.5252134532,-0.1659451849
585,51.51305752,-0.19168697,210.17510046,37,51.5252134532,-0.1659451849
586,51.51290087,-0.19298802,163.002125827,37,51.5252134532,-0.1659451849
587,51.51322631,-0.19334504,182.970515161,37,51.5252134532,-0.1659451849
588,51.51336682,-0.19108463,232.919287218,37,51.5252134532,-0.1659451849
615,51.51297043,-0.18763038,368.341597631,37,51.5252134532,-0.1659451849
405,51.52498936,-0.16490565,73.8527626709,36,51.5251126432,-0.1733156745
419,51.5231607,-0.16831193,476.955734428,36,51.5251126432,-0.1733156745
423,51.52453417,-0.16881631,270.424762339,36,51.5251126432,-0.1733156745
424,51.52381073,-0.16986576,379.036815614,36,51.5251126432,-0.1733156745
425,51.52385919,-0.16963803,364.438913395,36,51.5251126432,-0.1733156745
432,51.52400893,-0.1690311,349.113842335,36,51.5251126432,-0.1733156745
435,51.52525996,-0.16950903,324.747005726,36,51.5251126432,-0.1733156745
845,51.52548193,-0.16927927,308.285091312,36,51.5251126432,-0.1733156745
846,51.52502636,-0.16783787,183.527493557,36,51.5251126432,-0.1733156745
848,51.52465786,-0.16733682,127.828841037,36,51.5251126432,-0.1733156745
849,51.52756038,-0.16663347,338.607439987,36,51.5251126432,-0.1733156745
850,51.52765527,-0.1674898,348.243298173,36,51.5251126432,-0.1733156745
851,51.52700479,-0.1672053,244.928694103,36,51.5251126432,-0.1733156745
852,51.52608201,-0.16828494,423.019418312,36,51.5251126432,-0.1733156745
94,51.5267997,-0.17677856,519.047956166,35,51.5220633401,-0.1819424013
278,51.52694484,-0.177202,549.383430852,35,51.5220633401,-0.1819424013
281,51.52662043,-0.17224377,294.720633074,35,51.5220633401,-0.1819424013
420,51.52318781,-0.17196698,310.088294291,35,51.5220633401,-0.1819424013
421,51.52294895,-0.17151125,351.356548596,35,51.5220633401,-0.1819424013
422,51.52278921,-0.17343751,339.533705718,35,51.5220633401,-0.1819424013
427,51.5231021,-0.1730069,298.681445948,35,51.5220633401,-0.1819424013
428,51.52375034,-0.17423239,199.011129144,35,51.5220633401,-0.1819424013
429,51.52430881,-0.17347523,124.362673606,35,51.5220633401,-0.1819424013
430,51.52476535,-0.17293787,61.3451889807,35,51.5220633401,-0.1819424013
433,51.52637656,-0.17196583,263.174781807,35,51.5220633401,-0.1819424013
440,51.52256083,-0.17532516,379.571203933,35,51.5220633401,-0.1819424013
441,51.52282803,-0.1750599,337.849281548,35,51.5220633401,-0.1819424013
442,51.52440301,-0.17708916,356.141717956,35,51.5220633401,-0.1819424013
454,51.52523371,-0.17845476,484.114573292,35,51.5220633401,-0.1819424013
456,51.5248498,-0.17650827,283.94726449,35,51.5220633401,-0.1819424013
457,51.52536461,-0.17615169,307.329926701,35,51.5220633401,-0.1819424013
458,51.52668513,-0.17612912,522.569554063,35,51.5220633401,-0.1819424013
461,51.52687372,-0.17454608,556.11620776,35,51.5220633401,-0.1819424013
462,51.52740376,-0.17217079,444.534970176,35,51.5220633401,-0.1819424013
463,51.52718307,-0.17250709,410.965461575,35,51.5220633401,-0.1819424013
843,51.52505746,-0.17020803,307.646522278,35,51.5220633401,-0.1819424013
844,51.52462175,-0.17156288,447.904923395,35,51.5220633401,-0.1819424013
853,51.52636247,-0.17046835,379.079487756,35,51.5220633401,-0.1819424013
8,51.52452614,-0.18504007,381.485878814,34,51.5146137519,-0.1811148609
147,51.52357791,-0.18487372,263.788496046,34,51.5146137519,-0.1811148609
148,51.52423396,-0.18435563,296.658532978,34,51.5146137519,-0.1811148609
149,51.52254666,-0.18724925,427.008480521,34,51.5146137519,-0.1811148609
150,51.52411348,-0.18647387,389.230985057,34,51.5146137519,-0.1811148609
151,51.52275399,-0.18537814,337.355898454,34,51.5146137519,-0.1811148609
167,51.52007203,-0.18585969,429.167478377,34,51.5146137519,-0.1811148609
171,51.52116704,-0.18440013,225.373650929,34,51.5146137519,-0.1811148609
173,51.52175935,-0.1825903,56.2008564625,34,51.5146137519,-0.1811148609
174,51.52174484,-0.18248434,51.7669474263,34,51.5146137519,-0.1811148609
175,51.52161893,-0.18615832,368.898533248,34,51.5146137519,-0.1811148609
176,51.52281464,-0.18475003,278.946130148,34,51.5146137519,-0.1811148609
177,51.52016709,-0.18557533,397.345167832,34,51.5146137519,-0.1811148609
178,51.52095598,-0.18414207,209.485877812,34,51.5146137519,-0.1811148609
438,51.52195876,-0.17912046,286.731453336,34,51.5146137519,-0.1811148609
445,51.52108301,-0.17738255,454.476180012,34,51.5146137519,-0.1811148609
446,51.5244997,-0.18189384,378.386299367,34,51.5146137519,-0.1811148609
447,51.52400023,-0.18293192,295.256816654,34,51.5146137519,-0.1811148609
448,51.52403275,-0.18182287,314.392842869,34,51.5146137519,-0.1811148609
452,51.52421831,-0.17895216,361.762032003,34,51.5146137519,-0.1811148609
455,51.52425392,-0.17791984,370.49742364,34,51.5146137519,-0.1811148609
467,51.52299014,-0.18331822,139.530845755,34,51.5146137519,-0.1811148609
469,51.52205624,-0.18365297,151.372911715,34,51.5146137519,-0.1811148609
610,51.52257921,-0.17949696,232.564788658,34,51.5146137519,-0.1811148609
503,51.51126518,-0.18255617,546.378037598,33,51.5165756187,-0.1702269399
504,51.51125981,-0.18206163,579.465259022,33,51.5165756187,-0.1702269399
505,51.51169016,-0.17932077,480.214603399,33,51.5165756187,-0.1702269399
506,51.51188104,-0.17813787,395.276399017,33,51.5165756187,-0.1702269399
507,51.5122493,-0.18225659,424.448573483,33,51.5165756187,-0.1702269399
508,51.51325296,-0.18008362,207.468903663,33,51.5165756187,-0.1702269399
509,51.51378332,-0.17901475,205.674420142,33,51.5165756187,-0.1702269399
510,51.51259171,-0.17859467,287.232981544,33,51.5165756187,-0.1702269399
511,51.51233435,-0.17891235,374.713514107,33,51.5165756187,-0.1702269399
512,51.51135152,-0.18301581,491.547609465,33,51.5165756187,-0.1702269399
513,51.51491882,-0.18066404,45.8105331976,33,51.5165756187,-0.1702269399
514,51.51491882,-0.18066404,45.8105331976,33,51.5165756187,-0.1702269399
515,51.51491882,-0.18066404,45.8105331976,33,51.5165756187,-0.1702269399
529,51.51167063,-0.1831697,454.714111645,33,51.5165756187,-0.1702269399
530,51.51338123,-0.18330686,264.485892799,33,51.5165756187,-0.1702269399
531,51.51384005,-0.18186225,151.980719285,33,51.5165756187,-0.1702269399
532,51.51404349,-0.18084632,101.923740246,33,51.5165756187,-0.1702269399
533,51.51258232,-0.18347376,350.771117719,33,51.5165756187,-0.1702269399
534,51.51248084,-0.18334676,363.817934249,33,51.5165756187,-0.1702269399
535,51.512981,-0.18206277,380.327942059,33,51.5165756187,-0.1702269399
536,51.51237887,-0.1828432,417.090290325,33,51.5165756187,-0.1702269399
537,51.51105222,-0.18381794,701.371107841,33,51.5165756187,-0.1702269399
538,51.51386747,-0.18500328,386.967691644,33,51.5165756187,-0.1702269399
560,51.51545397,-0.18342521,227.080007674,33,51.5165756187,-0.1702269399
561,51.51449387,-0.18165632,40.8525196785,33,51.5165756187,-0.1702269399
562,51.51399681,-0.18035993,88.6330194521,33,51.5165756187,-0.1702269399
472,51.5149251,-0.17481101,434.350895073,32,51.5183909242,-0.1626735215
473,51.51584475,-0.17475112,440.948161124,32,51.5183909242,-0.1626735215
474,51.51568465,-0.17408103,426.882812477,32,51.5183909242,-0.1626735215
475,51.5155271,-0.1738826,396.226141786,32,51.5183909242,-0.1626735215
476,51.51626371,-0.17305231,523.098975064,32,51.5183909242,-0.1626735215
477,51.51593112,-0.17315282,463.995525263,32,51.5183909242,-0.1626735215
478,51.51691478,-0.17260908,236.141363846,32,51.5183909242,-0.1626735215
479,51.51778063,-0.16994103,188.631393129,32,51.5183909242,-0.1626735215
480,51.51851895,-0.16863749,310.931309936,32,51.5183909242,-0.1626735215
481,51.5183759,-0.17028764,279.844548323,32,51.5183909242,-0.1626735215
482,51.51714139,-0.1714469,122.428595398,32,51.5183909242,-0.1626735215
483,51.51865922,-0.17009537,330.533313528,32,51.5183909242,-0.1626735215
484,51.51825099,-0.17083883,303.936997978,32,51.5183909242,-0.1626735215
485,51.51769133,-0.17183933,210.965244602,32,51.5183909242,-0.1626735215
490,51.51738602,-0.17597169,499.040498273,32,51.5183909242,-0.1626735215
491,51.51744822,-0.17558905,472.473687363,32,51.5183909242,-0.1626735215
492,51.51789671,-0.1733346,307.854731127,32,51.5183909242,-0.1626735215
493,51.51805565,-0.17207533,312.025015981,32,51.5183909242,-0.1626735215
494,51.51704001,-0.17525266,614.418655092,32,51.5183909242,-0.1626735215
636,51.51951242,-0.16838271,470.0265166,32,51.5183909242,-0.1626735215
649,51.51747583,-0.16671877,329.153086979,32,51.5183909242,-0.1626735215
670,51.51512042,-0.16885069,202.943203481,32,51.5183909242,-0.1626735215
671,51.51553367,-0.16907598,147.620803625,32,51.5183909242,-0.1626735215
673,51.51384495,-0.16869246,402.63157955,32,51.5183909242,-0.1626735215
674,51.51402722,-0.16995353,366.606064318,32,51.5183909242,-0.1626735215
675,51.51402722,-0.16995353,366.606064318,32,51.5183909242,-0.1626735215
676,51.51418299,-0.16896424,374.206975375,32,51.5183909242,-0.1626735215
677,51.51473992,-0.16631485,495.898611741,32,51.5183909242,-0.1626735215
696,51.51624945,-0.16648846,347.343254578,32,51.5183909242,-0.1626735215
697,51.51593634,-0.16675609,340.213742049,32,51.5183909242,-0.1626735215
1446,51.5165219,-0.16649565,340.395302384,32,51.5183909242,-0.1626735215
1451,51.51397825,-0.16687831,454.20707097,32,51.5183909242,-0.1626735215
1452,51.51424261,-0.16772872,364.087559407,32,51.5183909242,-0.1626735215
1453,51.51277741,-0.16765457,490.243035236,32,51.5183909242,-0.1626735215
1454,51.51468964,-0.1683152,272.776699422,32,51.5183909242,-0.1626735215
1455,51.51468964,-0.1683152,272.776699422,32,51.5183909242,-0.1626735215
1456,51.51477029,-0.16978547,271.019655469,32,51.5183909242,-0.1626735215
1457,51.51639617,-0.16990529,31.175535656,32,51.5183909242,-0.1626735215
1458,51.5140664,-0.17212922,409.236652008,32,51.5183909242,-0.1626735215
1459,51.51499014,-0.17075946,245.55132438,32,51.5183909242,-0.1626735215
406,51.52170089,-0.16358118,455.657731846,31,51.4927513763,-0.138033895
407,51.52276468,-0.164251,582.312475825,31,51.4927513763,-0.138033895
408,51.52363954,-0.16491541,690.221241038,31,51.4927513763,-0.138033895
409,51.52289634,-0.16474851,627.755926493,31,51.4927513763,-0.138033895
410,51.52195321,-0.16427731,426.23019374,31,51.4927513763,-0.138033895
411,51.52190257,-0.16462736,406.420758471,31,51.4927513763,-0.138033895
413,51.52263063,-0.16592032,701.558592083,31,51.4927513763,-0.138033895
434,51.52340945,-0.16669001,801.656347065,31,51.4927513763,-0.138033895
627,51.51788755,-0.15748011,484.676734833,31,51.4927513763,-0.138033895
628,51.51798585,-0.15689017,525.700371765,31,51.4927513763,-0.138033895
632,51.51828082,-0.16354396,60.9391442196,31,51.4927513763,-0.138033895
633,51.51823787,-0.16097949,159.722168568,31,51.4927513763,-0.138033895
637,51.51961013,-0.16763382,459.663929411,31,51.4927513763,-0.138033895
638,51.51961013,-0.16763382,459.663929411,31,51.4927513763,-0.138033895
653,51.51745313,-0.15779333,492.777658494,31,51.4927513763,-0.138033895
686,51.51820876,-0.16471356,260.328049929,31,51.4927513763,-0.138033895
687,51.51893318,-0.15928059,243.814222935,31,51.4927513763,-0.138033895
688,51.51718533,-0.15917705,388.913529728,31,51.4927513763,-0.138033895
689,51.51715581,-0.15924641,390.70903954,31,51.4927513763,-0.138033895
701,51.51670645,-0.16382535,286.005488136,31,51.4927513763,-0.138033895
702,51.51911711,-0.16629341,330.75710844,31,51.4927513763,-0.138033895
707,51.51657131,-0.16595415,370.978571591,31,51.4927513763,-0.138033895
708,51.5159428,-0.16503168,465.797796981,31,51.4927513763,-0.138033895
721,51.5190542,-0.15765358,373.10285118,31,51.4927513763,-0.138033895
722,51.518424,-0.15735783,446.259003988,31,51.4927513763,-0.138033895
749,51.5188704,-0.16154826,124.305523115,31,51.4927513763,-0.138033895
750,51.52058754,-0.16199378,338.251065903,31,51.4927513763,-0.138033895
1262,51.51782071,-0.1574986,481.403911149,31,51.4927513763,-0.138033895
1279,51.51606252,-0.1616552,269.829093633,31,51.4927513763,-0.138033895
1417,51.51605341,-0.16241182,305.142595268,31,51.4927513763,-0.138033895
1421,51.51909465,-0.16357492,123.175612661,31,51.4927513763,-0.138033895
1423,51.51701334,-0.15790891,505.725326662,31,51.4927513763,-0.138033895
1425,51.51927549,-0.15767203,361.414463304,31,51.4927513763,-0.138033895
1428,51.51986344,-0.1626593,208.232147111,31,51.4927513763,-0.138033895
1429,51.51976449,-0.16439591,234.164603494,31,51.4927513763,-0.138033895
1432,51.51902727,-0.16008603,215.664874997,31,51.4927513763,-0.138033895
1434,51.51862469,-0.15981962,222.689071864,31,51.4927513763,-0.138033895
1438,51.51666466,-0.16264465,237.596593705,31,51.4927513763,-0.138033895
1439,51.51767203,-0.16354258,138.788636108,31,51.4927513763,-0.138033895
1440,51.51839832,-0.16404839,108.504113389,31,51.4927513763,-0.138033895
1441,51.51770482,-0.16413534,191.653333262,31,51.4927513763,-0.138033895
1443,51.51805019,-0.16621841,320.628956496,31,51.4927513763,-0.138033895
1444,51.51958738,-0.16518209,259.39522443,31,51.4927513763,-0.138033895
1445,51.51851795,-0.16212064,41.2502704403,31,51.4927513763,-0.138033895
285,51.49238051,-0.13608179,180.742290672,30,51.5190881005,-0.1486784399
286,51.49246457,-0.13693498,104.014996081,30,51.5190881005,-0.1486784399
289,51.4947247,-0.1358022,302.859418,30,51.5190881005,-0.1486784399
290,51.49424845,-0.13472017,393.255508629,30,51.5190881005,-0.1486784399
291,51.49429176,-0.13600646,262.455978673,30,51.5190881005,-0.1486784399
294,51.49296785,-0.13669245,148.398176632,30,51.5190881005,-0.1486784399
351,51.49600579,-0.13534248,407.353643443,30,51.5190881005,-0.1486784399
352,51.49349175,-0.13739604,93.2633957909,30,51.5190881005,-0.1486784399
353,51.49578309,-0.1354115,383.25511639,30,51.5190881005,-0.1486784399
354,51.49494383,-0.13628447,272.225356872,30,51.5190881005,-0.1486784399
355,51.49448497,-0.13655938,218.151486211,30,51.5190881005,-0.1486784399
357,51.49558785,-0.1367711,394.891294053,30,51.5190881005,-0.1486784399
358,51.49669558,-0.13577867,514.202790308,30,51.5190881005,-0.1486784399
359,51.49684288,-0.13651772,562.746478054,30,51.5190881005,-0.1486784399
361,51.49546248,-0.13755347,368.367867768,30,51.5190881005,-0.1486784399
362,51.49407133,-0.13795548,183.009634086,30,51.5190881005,-0.1486784399
363,51.49443005,-0.13903507,206.880095523,30,51.5190881005,-0.1486784399
364,51.49536287,-0.13786905,349.496957082,30,51.5190881005,-0.1486784399
365,51.49654806,-0.13702828,499.549665594,30,51.5190881005,-0.1486784399
366,51.49517554,-0.13835651,320.395505999,30,51.5190881005,-0.1486784399
367,51.49622931,-0.13941455,458.759784206,30,51.5190881005,-0.1486784399
368,51.49440668,-0.13997333,267.402296424,30,51.5190881005,-0.1486784399
855,51.49286182,-0.139759,165.495067552,30,51.5190881005,-0.1486784399
862,51.48930414,-0.13791694,505.889359621,30,51.5190881005,-0.1486784399
863,51.49173073,-0.13683171,170.250471138,30,51.5190881005,-0.1486784399
864,51.4906858,-0.13812751,316.579563609,30,51.5190881005,-0.1486784399
866,51.49036074,-0.1380391,368.717028068,30,51.5190881005,-0.1486784399
867,51.49169501,-0.13883641,190.027050539,30,51.5190881005,-0.1486784399
868,51.49184808,-0.13989929,194.108233068,30,51.5190881005,-0.1486784399
882,51.4907403,-0.14290974,447.75977248,30,51.5190881005,-0.1486784399
885,51.49319571,-0.1396149,157.259056536,30,51.5190881005,-0.1486784399
886,51.49266329,-0.14023952,205.510520086,30,51.5190881005,-0.1486784399
887,51.4921828,-0.14116569,255.368418957,30,51.5190881005,-0.1486784399
888,51.49362373,-0.14226723,372.549692222,30,51.5190881005,-0.1486784399
889,51.49398849,-0.14213625,369.105468296,30,51.5190881005,-0.1486784399
975,51.49320019,-0.13948885,153.107151537,30,51.5190881005,-0.1486784399
977,51.49340906,-0.14144819,317.355105751,30,51.5190881005,-0.1486784399
982,51.49148667,-0.13888217,212.368425577,30,51.5190881005,-0.1486784399
985,51.49267426,-0.14295915,401.014703511,30,51.5190881005,-0.1486784399
987,51.49302378,-0.14217437,372.217591962,30,51.5190881005,-0.1486784399
993,51.49164061,-0.14075611,298.185638941,30,51.5190881005,-0.1486784399
994,51.49161102,-0.14200849,308.784520951,30,51.5190881005,-0.1486784399
995,51.49118997,-0.1435953,428.48241829,30,51.5190881005,-0.1486784399
1017,51.49253829,-0.14266576,375.741913251,30,51.5190881005,-0.1486784399
1018,51.49204244,-0.14187648,298.790394409,30,51.5190881005,-0.1486784399
1019,51.49012635,-0.13783267,395.892103001,30,51.5190881005,-0.1486784399
621,51.52187495,-0.15102338,411.471905266,29,51.5302207446,-0.1675749581
622,51.52060763,-0.15055042,266.776507972,29,51.5302207446,-0.1675749581
623,51.52189772,-0.15112916,415.831521282,29,51.5302207446,-0.1675749581
629,51.518262,-0.15481242,466.206472675,29,51.5302207446,-0.1675749581
635,51.5181328,-0.14490277,390.744920529,29,51.5302207446,-0.1675749581
643,51.52196341,-0.14992554,330.202297238,29,51.5302207446,-0.1675749581
647,51.51900264,-0.14560982,267.97546568,29,51.5302207446,-0.1675749581
651,51.51762448,-0.15426151,465.471231853,29,51.5302207446,-0.1675749581
658,51.52083881,-0.14311156,509.436709719,29,51.5302207446,-0.1675749581
659,51.51947962,-0.14252849,501.092382514,29,51.5302207446,-0.1675749581
660,51.52082922,-0.1416866,578.087400963,29,51.5302207446,-0.1675749581
661,51.51995701,-0.14129662,568.952206391,29,51.5302207446,-0.1675749581
664,51.52019418,-0.14750038,205.202987597,29,51.5302207446,-0.1675749581
665,51.5200431,-0.14754036,189.789027761,29,51.5302207446,-0.1675749581
668,51.51729941,-0.14617182,349.423240124,29,51.5302207446,-0.1675749581
679,51.51918475,-0.15426311,485.049053942,29,51.5302207446,-0.1675749581
680,51.51747454,-0.15339838,451.645503309,29,51.5302207446,-0.1675749581
684,51.51907175,-0.15166513,262.397715504,29,51.5302207446,-0.1675749581
685,51.5204884,-0.15194827,379.384479168,29,51.5302207446,-0.1675749581
690,51.52062025,-0.14016603,615.544649767,29,51.5302207446,-0.1675749581
691,51.51932504,-0.14761097,78.9471729278,29,51.5302207446,-0.1675749581
692,51.51966308,-0.14565881,219.551397897,29,51.5302207446,-0.1675749581
693,51.51943301,-0.14657792,151.259300188,29,51.5302207446,-0.1675749581
694,51.52001218,-0.14364692,364.578904359,29,51.5302207446,-0.1675749581
709,51.52029702,-0.14510871,333.444628306,29,51.5302207446,-0.1675749581
710,51.5202289,-0.14500824,336.053499552,29,51.5302207446,-0.1675749581
712,51.52000603,-0.14508451,301.818144294,29,51.5302207446,-0.1675749581
713,51.52026418,-0.14490768,337.963143765,29,51.5302207446,-0.1675749581
715,51.5212489,-0.14563664,445.304623485,29,51.5302207446,-0.1675749581
716,51.51775402,-0.14871958,182.191053944,29,51.5302207446,-0.1675749581
717,51.5179163,-0.14777337,166.224514667,29,51.5302207446,-0.1675749581
718,51.51798459,-0.14774213,170.326617168,29,51.5302207446,-0.1675749581
719,51.51825965,-0.14577321,309.626345921,29,51.5302207446,-0.1675749581
720,51.51826328,-0.14612825,285.82234963,29,51.5302207446,-0.1675749581
727,51.51749568,-0.15274387,407.861763468,29,51.5302207446,-0.1675749581
736,51.52087276,-0.1494522,204.468616834,29,51.5302207446,-0.1675749581
737,51.52099758,-0.14962609,221.123743121,29,51.5302207446,-0.1675749581
738,51.52023337,-0.15000004,193.148956989,29,51.5302207446,-0.1675749581
739,51.52062375,-0.14727837,282.032000255,29,51.5302207446,-0.1675749581
740,51.52054339,-0.14819303,218.468908428,29,51.5302207446,-0.1675749581
741,51.52019911,-0.149797,180.525985572,29,51.5302207446,-0.1675749581
742,51.52080983,-0.14661415,331.917943611,29,51.5302207446,-0.1675749581
743,51.52109514,-0.14448829,480.448688331,29,51.5302207446,-0.1675749581
745,51.5175087,-0.14801759,182.839683527,29,51.5302207446,-0.1675749581
746,51.51974736,-0.14904147,76.1753512143,29,51.5302207446,-0.1675749581
747,51.51951661,-0.14884057,47.5875542584,29,51.5302207446,-0.1675749581
748,51.51995844,-0.14904253,98.7029421278,29,51.5302207446,-0.1675749581
1186,51.52076411,-0.14080111,605.292678423,29,51.5302207446,-0.1675749581
1187,51.52089253,-0.14278648,526.276884807,29,51.5302207446,-0.1675749581
1189,51.52032264,-0.14181268,496.480540751,29,51.5302207446,-0.1675749581
1190,51.52008815,-0.1431885,397.489468259,29,51.5302207446,-0.1675749581
1191,51.51958312,-0.1461484,184.52487445,29,51.5302207446,-0.1675749581
1192,51.51924962,-0.1476378,74.9301340944,29,51.5302207446,-0.1675749581
1193,51.51900629,-0.14899809,23.3331256397,29,51.5302207446,-0.1675749581
1194,51.51863646,-0.15125177,185.02058295,29,51.5302207446,-0.1675749581
1195,51.51892041,-0.15088996,180.773264504,29,51.5302207446,-0.1675749581
1196,51.51912268,-0.14981918,93.8989741767,29,51.5302207446,-0.1675749581
1201,51.52177779,-0.14780055,407.996089056,29,51.5302207446,-0.1675749581
1202,51.52152036,-0.14930518,301.052544417,29,51.5302207446,-0.1675749581
1203,51.52152036,-0.14930518,301.052544417,29,51.5302207446,-0.1675749581
1204,51.52136179,-0.15023003,302.102505154,29,51.5302207446,-0.1675749581
1205,51.52100957,-0.15063693,311.494605795,29,51.5302207446,-0.1675749581
1207,51.52001782,-0.15128406,283.237998492,29,51.5302207446,-0.1675749581
1208,51.52073582,-0.14662335,329.296170185,29,51.5302207446,-0.1675749581
1209,51.52101199,-0.14499434,444.125738692,29,51.5302207446,-0.1675749581
1211,51.52101578,-0.14392263,495.236964815,29,51.5302207446,-0.1675749581
1213,51.51996104,-0.13980059,639.221412198,29,51.5302207446,-0.1675749581
1219,51.51965519,-0.14323263,420.89524831,29,51.5302207446,-0.1675749581
1220,51.5198785,-0.14270052,455.134876296,29,51.5302207446,-0.1675749581
1238,51.51786357,-0.14846653,162.068060369,29,51.5302207446,-0.1675749581
1239,51.51915095,-0.14505932,309.184769629,29,51.5302207446,-0.1675749581
1243,51.51796386,-0.15076234,305.628729942,29,51.5302207446,-0.1675749581
1244,51.5178302,-0.15039131,258.030383774,29,51.5302207446,-0.1675749581
1246,51.51854901,-0.14979625,130.301796778,29,51.5302207446,-0.1675749581
1247,51.51703474,-0.15102573,383.740083178,29,51.5302207446,-0.1675749581
1249,51.52111995,-0.15202889,433.659666124,29,51.5302207446,-0.1675749581
1250,51.52133736,-0.15232175,481.946648031,29,51.5302207446,-0.1675749581
1251,51.52168287,-0.15238066,534.526605709,29,51.5302207446,-0.1675749581
1259,51.5194377,-0.15311594,388.057601739,29,51.5302207446,-0.1675749581
1260,51.51900496,-0.15238805,299.213657892,29,51.5302207446,-0.1675749581
1261,51.51843004,-0.15336288,361.863739337,29,51.5302207446,-0.1675749581
1263,51.51895732,-0.15424922,460.817370658,29,51.5302207446,-0.1675749581
1271,51.51671922,-0.15124068,425.526804228,29,51.5302207446,-0.1675749581
1396,51.51575681,-0.14722426,385.457397495,29,51.5302207446,-0.1675749581
1400,51.5209916,-0.14796525,299.390213992,29,51.5302207446,-0.1675749581
1401,51.52115159,-0.14793635,315.917897339,29,51.5302207446,-0.1675749581
1402,51.51903096,-0.14707541,146.907315356,29,51.5302207446,-0.1675749581
1405,51.5180339,-0.14826318,122.032757728,29,51.5302207446,-0.1675749581
1422,51.51798765,-0.15234872,326.768356771,29,51.5302207446,-0.1675749581
28,51.53245865,-0.16938439,294.926545261,28,51.536185261,-0.182187222
29,51.53245865,-0.16938439,294.926545261,28,51.536185261,-0.182187222
36,51.53134956,-0.17114669,330.098512653,28,51.536185261,-0.182187222
277,51.53212014,-0.17025313,374.792241577,28,51.536185261,-0.182187222
283,51.53116957,-0.16782704,115.327843367,28,51.536185261,-0.182187222
391,51.52395914,-0.15795892,1074.45625054,28,51.536185261,-0.182187222
459,51.52829942,-0.17269121,435.403427921,28,51.536185261,-0.182187222
460,51.52908386,-0.17126258,303.63097051,28,51.536185261,-0.182187222
464,51.52782501,-0.17127072,409.584212891,28,51.536185261,-0.182187222
465,51.52806443,-0.17076545,365.551360802,28,51.536185261,-0.182187222
466,51.52856796,-0.17022723,328.66939964,28,51.536185261,-0.182187222
40,51.53741337,-0.18517747,324.700567676,27,51.5112963823,-0.1191712147
42,51.537872,-0.17384531,910.819631805,27,51.5112963823,-0.1191712147
43,51.53948802,-0.17434681,978.224370675,27,51.5112963823,-0.1191712147
44,51.53976856,-0.1788256,467.748301458,27,51.5112963823,-0.1191712147
45,51.53947866,-0.17738396,923.243143331,27,51.5112963823,-0.1191712147
46,51.53844527,-0.17758097,807.097491509,27,51.5112963823,-0.1191712147
47,51.53739168,-0.1780929,320.935316425,27,51.5112963823,-0.1191712147
48,51.53769602,-0.18487659,287.081946873,27,51.5112963823,-0.1191712147
49,51.53665792,-0.1808256,108.327465451,27,51.5112963823,-0.1191712147
51,51.5363045,-0.17496934,690.579360371,27,51.5112963823,-0.1191712147
52,51.53656628,-0.17580145,608.242770534,27,51.5112963823,-0.1191712147
53,51.53701192,-0.17777069,380.356105635,27,51.5112963823,-0.1191712147
54,51.53812507,-0.17875361,348.421924248,27,51.5112963823,-0.1191712147
56,51.5373065,-0.17921621,241.218512247,27,51.5112963823,-0.1191712147
57,51.53596148,-0.18277147,47.3371400331,27,51.5112963823,-0.1191712147
59,51.53757838,-0.17886503,286.961990258,27,51.5112963823,-0.1191712147
63,51.5357245,-0.18041267,173.758980085,27,51.5112963823,-0.1191712147
64,51.53904936,-0.1788856,498.170925144,27,51.5112963823,-0.1191712147
65,51.5377384,-0.18293921,260.866881715,27,51.5112963823,-0.1191712147
66,51.53720707,-0.18406918,193.483027172,27,51.5112963823,-0.1191712147
68,51.53666356,-0.18333868,116.468012883,27,51.5112963823,-0.1191712147
69,51.53826661,-0.17908686,406.996755878,27,51.5112963823,-0.1191712147
71,51.53553458,-0.1809275,132.255473538,27,51.5112963823,-0.1191712147
72,51.53507713,-0.18209593,178.279234728,27,51.5112963823,-0.1191712147
73,51.53438421,-0.18113099,275.717151737,27,51.5112963823,-0.1191712147
76,51.53293191,-0.18171631,503.670743992,27,51.5112963823,-0.1191712147
85,51.53553937,-0.18611792,370.629218795,27,51.5112963823,-0.1191712147
86,51.53420353,-0.18555552,352.911171059,27,51.5112963823,-0.1191712147
235,51.53437431,-0.1859595,330.398962815,27,51.5112963823,-0.1191712147
236,51.53718502,-0.17935453,226.033402202,27,51.5112963823,-0.1191712147
237,51.53647997,-0.18359558,143.225446956,27,51.5112963823,-0.1191712147
238,51.53822842,-0.17934993,389.160879398,27,51.5112963823,-0.1191712147
241,51.53317603,-0.18457782,485.220912403,27,51.5112963823,-0.1191712147
243,51.53470502,-0.17782811,458.961223765,27,51.5112963823,-0.1191712147
244,51.53585254,-0.17667268,497.001378365,27,51.5112963823,-0.1191712147
247,51.53760722,-0.1835573,216.096094929,27,51.5112963823,-0.1191712147
1026,51.50903092,-0.12179693,419.21149777,26,51.5079075725,-0.1403498863
1027,51.50962556,-0.12210778,333.560982663,26,51.5079075725,-0.1403498863
1028,51.50870099,-0.12206099,456.743111229,26,51.5079075725,-0.1403498863
1029,51.50961281,-0.11989563,274.130152416,26,51.5079075725,-0.1403498863
1030,51.51138911,-0.11299661,576.80077822,26,51.5079075725,-0.1403498863
1031,51.51203563,-0.11551722,323.126853816,26,51.5079075725,-0.1403498863
1032,51.51164694,-0.11399365,490.354189618,26,51.5079075725,-0.1403498863
1033,51.51164694,-0.11399365,490.354189618,26,51.5079075725,-0.1403498863
1034,51.51239046,-0.11261592,560.276008217,26,51.5079075725,-0.1403498863
1038,51.51377545,-0.11865936,331.314547618,26,51.5079075725,-0.1403498863
1039,51.51442588,-0.12169504,488.126356008,26,51.5079075725,-0.1403498863
1040,51.51314065,-0.11869311,249.751386773,26,51.5079075725,-0.1403498863
1041,51.51345844,-0.12038826,318.073917308,26,51.5079075725,-0.1403498863
1042,51.51296812,-0.11944934,228.301505189,26,51.5079075725,-0.1403498863
1044,51.51199557,-0.12018256,182.873523898,26,51.5079075725,-0.1403498863
1045,51.51128673,-0.1224825,308.616424714,26,51.5079075725,-0.1403498863
1046,51.51060106,-0.12429892,465.974625876,26,51.5079075725,-0.1403498863
1047,51.51123246,-0.12355198,409.01739032,26,51.5079075725,-0.1403498863
1048,51.51155612,-0.12466089,528.762414269,26,51.5079075725,-0.1403498863
1096,51.51117214,-0.11415612,492.179642394,26,51.5079075725,-0.1403498863
1097,51.50892154,-0.12029358,355.69528196,26,51.5079075725,-0.1403498863
1100,51.50877377,-0.12021485,369.489623636,26,51.5079075725,-0.1403498863
1102,51.50944978,-0.12232953,359.539645893,26,51.5079075725,-0.1403498863
1103,51.50838198,-0.12336237,551.001132581,26,51.5079075725,-0.1403498863
1104,51.50884403,-0.1225337,459.679210984,26,51.5079075725,-0.1403498863
1105,51.509879,-0.11970709,226.464782505,26,51.5079075725,-0.1403498863
1106,51.5101276,-0.11887375,171.375316153,26,51.5079075725,-0.1403498863
1107,51.51090141,-0.11525996,407.560225072,26,51.5079075725,-0.1403498863
1108,51.5112896,-0.11509684,411.110157027,26,51.5079075725,-0.1403498863
1109,51.51207357,-0.11405574,444.104046361,26,51.5079075725,-0.1403498863
1110,51.51197008,-0.11379832,477.964182947,26,51.5079075725,-0.1403498863
1111,51.51221599,-0.11306611,519.091238863,26,51.5079075725,-0.1403498863
1112,51.51212587,-0.11238633,593.751276279,26,51.5079075725,-0.1403498863
1115,51.51453022,-0.11750283,552.982104547,26,51.5079075725,-0.1403498863
1116,51.51317015,-0.11574399,377.688590131,26,51.5079075725,-0.1403498863
1117,51.51211322,-0.11883579,94.9438401702,26,51.5079075725,-0.1403498863
1118,51.51279644,-0.11610246,297.98362221,26,51.5079075725,-0.1403498863
1119,51.51237824,-0.11694889,196.076178093,26,51.5079075725,-0.1403498863
1120,51.51462964,-0.11894328,427.34769359,26,51.5079075725,-0.1403498863
1121,51.51419367,-0.11928293,397.799626356,26,51.5079075725,-0.1403498863
1122,51.51354943,-0.11975208,321.679660724,26,51.5079075725,-0.1403498863
1123,51.5124553,-0.12163611,306.534263497,26,51.5079075725,-0.1403498863
1124,51.51354871,-0.12018548,333.397288942,26,51.5079075725,-0.1403498863
1125,51.51261936,-0.12048668,203.916429701,26,51.5079075725,-0.1403498863
1126,51.51228227,-0.12026969,187.500132733,26,51.5079075725,-0.1403498863
1127,51.51153281,-0.11952729,203.16992113,26,51.5079075725,-0.1403498863
1128,51.51122961,-0.12033811,115.36199595,26,51.5079075725,-0.1403498863
1129,51.51175577,-0.12121146,207.543840983,26,51.5079075725,-0.1403498863
1130,51.51079345,-0.12131048,182.012638597,26,51.5079075725,-0.1403498863
1131,51.51094035,-0.12209573,326.043267958,26,51.5079075725,-0.1403498863
1132,51.51083585,-0.12293883,362.448616531,26,51.5079075725,-0.1403498863
1133,51.50996195,-0.12374864,385.273207605,26,51.5079075725,-0.1403498863
1134,51.51112682,-0.12379799,429.635505988,26,51.5079075725,-0.1403498863
1135,51.511529,-0.12593763,623.753556213,26,51.5079075725,-0.1403498863
1137,51.51015098,-0.1246565,481.005524386,26,51.5079075725,-0.1403498863
1173,51.51084735,-0.1144456,452.021124648,26,51.5079075725,-0.1403498863
1174,51.50820177,-0.12088456,448.733331997,26,51.5079075725,-0.1403498863
1178,51.51461143,-0.11832239,408.719486831,26,51.5079075725,-0.1403498863
180,51.50989442,-0.14285956,299.468470424,25,51.5262810776,-0.2059068838
181,51.50930402,-0.14225243,221.444728048,25,51.5262810776,-0.2059068838
182,51.50887958,-0.14170765,161.400576882,25,51.5262810776,-0.2059068838
186,51.50907239,-0.14574648,520.354742608,25,51.5262810776,-0.2059068838
199,51.51028092,-0.14149965,337.626568791,25,51.5262810776,-0.2059068838
218,51.50983417,-0.14186386,265.285598834,25,51.5262810776,-0.2059068838
221,51.5105719,-0.14088791,398.72057248,25,51.5262810776,-0.2059068838
603,51.50711703,-0.14092825,134.818039213,25,51.5262810776,-0.2059068838
1180,51.50811079,-0.13779149,234.106001873,25,51.5262810776,-0.2059068838
1312,51.50741113,-0.14543191,493.72364329,25,51.5262810776,-0.2059068838
1327,51.50637133,-0.14526499,437.49067338,25,51.5262810776,-0.2059068838
1328,51.50665735,-0.14480112,398.102410194,25,51.5262810776,-0.2059068838
1329,51.50718527,-0.14454707,383.167715226,25,51.5262810776,-0.2059068838
1330,51.50755544,-0.14405345,340.378112821,25,51.5262810776,-0.2059068838
1331,51.50849674,-0.14512459,511.745852182,25,51.5262810776,-0.2059068838
1355,51.50728983,-0.14336121,275.287720885,25,51.5262810776,-0.2059068838
1356,51.50834496,-0.14340692,304.668313541,25,51.5262810776,-0.2059068838
1357,51.50760734,-0.14254034,202.773943196,25,51.5262810776,-0.2059068838
1358,51.50867938,-0.14245784,224.287294597,25,51.5262810776,-0.2059068838
1359,51.50824624,-0.14200176,175.970802025,25,51.5262810776,-0.2059068838
1363,51.51026982,-0.14141169,333.402998066,25,51.5262810776,-0.2059068838
1369,51.50911466,-0.14103216,165.911968666,25,51.5262810776,-0.2059068838
1370,51.50925746,-0.13802317,270.209166992,25,51.5262810776,-0.2059068838
1371,51.50905571,-0.13791388,247.013525751,25,51.5262810776,-0.2059068838
1373,51.50828566,-0.13725046,276.585655495,25,51.5262810776,-0.2059068838
1374,51.50755439,-0.13946213,125.860551139,25,51.5262810776,-0.2059068838
1375,51.5066195,-0.14042674,188.343264985,25,51.5262810776,-0.2059068838
1376,51.50640285,-0.13993347,207.16840647,25,51.5262810776,-0.2059068838
1377,51.50542387,-0.14023284,350.598432763,25,51.5262810776,-0.2059068838
1378,51.50744084,-0.13911173,162.873101132,25,51.5262810776,-0.2059068838
1379,51.50663417,-0.13906988,202.454550233,25,51.5262810776,-0.2059068838
1380,51.50693417,-0.13740369,314.957513389,25,51.5262810776,-0.2059068838
1381,51.50678025,-0.13647265,407.448216723,25,51.5262810776,-0.2059068838
1382,51.50629697,-0.1378216,323.261678811,25,51.5262810776,-0.2059068838
1388,51.50579217,-0.13629766,481.534560314,25,51.5262810776,-0.2059068838
1389,51.50527357,-0.13731563,413.932848564,25,51.5262810776,-0.2059068838
1391,51.50695798,-0.1396527,126.511341668,25,51.5262810776,-0.2059068838
1392,51.5058569,-0.13856611,270.201912534,25,51.5262810776,-0.2059068838
1393,51.50630335,-0.13901386,211.804309047,25,51.5262810776,-0.2059068838
1394,51.50621076,-0.13913306,215.651513163,25,51.5262810776,-0.2059068838
3,51.52479868,-0.20160305,471.795664087,24,51.5122954682,-0.1444862016
250,51.52688177,-0.20679004,129.058058009,24,51.5122954682,-0.1444862016
253,51.52785821,-0.20615982,217.559086275,24,51.5122954682,-0.1444862016
255,51.52959982,-0.20442111,453.263118148,24,51.5122954682,-0.1444862016
256,51.52762463,-0.20455571,268.570859164,24,51.5122954682,-0.1444862016
260,51.5273924,-0.20953977,342.572750631,24,51.5122954682,-0.1444862016
262,51.52792847,-0.20545909,184.895796165,24,51.5122954682,-0.1444862016
266,51.52932042,-0.20559973,343.763924494,24,51.5122954682,-0.1444862016
273,51.52793309,-0.20685492,265.279565553,24,51.5122954682,-0.1444862016
762,51.52725548,-0.20825537,252.131540679,24,51.5122954682,-0.1444862016
763,51.52769282,-0.20806377,301.752948745,24,51.5122954682,-0.1444862016
764,51.52709767,-0.20715241,170.244312639,24,51.5122954682,-0.1444862016
765,51.52700313,-0.20575757,79.9900130401,24,51.5122954682,-0.1444862016
766,51.52816026,-0.20676665,282.075729067,24,51.5122954682,-0.1444862016
767,51.5282835,-0.20560413,228.484852389,24,51.5122954682,-0.1444862016
768,51.52872349,-0.20484474,328.135544059,24,51.5122954682,-0.1444862016
769,51.52900571,-0.20442005,386.852900956,24,51.5122954682,-0.1444862016
771,51.52548444,-0.20320227,284.859163716,24,51.5122954682,-0.1444862016
772,51.52585296,-0.20405047,202.186804831,24,51.5122954682,-0.1444862016
773,51.52724733,-0.20441134,247.584272211,24,51.5122954682,-0.1444862016
774,51.52386316,-0.20228491,436.46208973,24,51.5122954682,-0.1444862016
775,51.52561474,-0.20280737,324.143875891,24,51.5122954682,-0.1444862016
776,51.52561474,-0.20280737,324.143875891,24,51.5122954682,-0.1444862016
777,51.5236391,-0.20130376,467.974257305,24,51.5122954682,-0.1444862016
781,51.52464135,-0.19983208,514.301033053,24,51.5122954682,-0.1444862016
782,51.5251827,-0.20158893,463.402950132,24,51.5122954682,-0.1444862016
783,51.52669134,-0.2013947,533.770833249,24,51.5122954682,-0.1444862016
799,51.52933107,-0.20354074,509.689199233,24,51.5122954682,-0.1444862016
814,51.52868834,-0.20799151,427.542229379,24,51.5122954682,-0.1444862016
823,51.52435777,-0.20440858,316.81853518,24,51.5122954682,-0.1444862016
824,51.5252318,-0.20444294,196.557819836,24,51.5122954682,-0.1444862016
827,51.52463,-0.20041644,475.375329038,24,51.5122954682,-0.1444862016
842,51.53048636,-0.2063129,494.13164491,24,51.5122954682,-0.1444862016
1101,51.5247034,-0.20110554,468.812568057,24,51.5122954682,-0.1444862016
184,51.51049542,-0.14634254,416.887032259,23,51.510096939,-0.1345742654
185,51.5100905,-0.14667307,433.44580697,23,51.510096939,-0.1345742654
187,51.50952351,-0.14503143,427.296686479,23,51.510096939,-0.1345742654
188,51.50952351,-0.14503143,427.296686479,23,51.510096939,-0.1345742654
189,51.51245882,-0.14936021,383.474794509,23,51.510096939,-0.1345742654
190,51.51236991,-0.14713076,203.044663883,23,51.510096939,-0.1345742654
193,51.51046397,-0.14478996,279.347508072,23,51.510096939,-0.1345742654
201,51.51107881,-0.15068854,451.525966442,23,51.510096939,-0.1345742654
205,51.51131769,-0.14922075,345.923260809,23,51.510096939,-0.1345742654
206,51.51169764,-0.14718752,198.499919746,23,51.510096939,-0.1345742654
207,51.51201386,-0.14594318,105.590427899,23,51.510096939,-0.1345742654
208,51.51184151,-0.14643357,143.859662285,23,51.510096939,-0.1345742654
224,51.51298093,-0.14346498,137.443150946,23,51.510096939,-0.1345742654
225,51.51333611,-0.14337331,174.659139951,23,51.510096939,-0.1345742654
618,51.51263611,-0.14151688,259.551949336,23,51.510096939,-0.1345742654
1089,51.51430308,-0.14654101,263.71742073,23,51.510096939,-0.1345742654
1241,51.51548056,-0.14815663,459.581037987,23,51.510096939,-0.1345742654
1325,51.50943599,-0.14713094,490.843646586,23,51.510096939,-0.1345742654
1332,51.51086348,-0.1481524,366.329467217,23,51.510096939,-0.1345742654
1333,51.51147845,-0.14875239,309.531321561,23,51.510096939,-0.1345742654
1334,51.51185811,-0.14676143,164.975922328,23,51.510096939,-0.1345742654
1336,51.51142019,-0.14572983,172.288048116,23,51.510096939,-0.1345742654
1337,51.5105976,-0.14742122,328.326945689,23,51.510096939,-0.1345742654
1338,51.51195219,-0.1480573,283.450617224,23,51.510096939,-0.1345742654
1339,51.51246991,-0.14968049,404.391878122,23,51.510096939,-0.1345742654
1340,51.51286328,-0.14765826,257.298951242,23,51.510096939,-0.1345742654
1341,51.51289765,-0.14709981,219.200355033,23,51.510096939,-0.1345742654
1342,51.51331528,-0.14492029,165.694161494,23,51.510096939,-0.1345742654
1343,51.51394676,-0.14329589,251.984618898,23,51.510096939,-0.1345742654
1344,51.51394676,-0.14329589,251.984618898,23,51.510096939,-0.1345742654
1348,51.5123367,-0.14311509,131.530839853,23,51.510096939,-0.1345742654
1349,51.51306663,-0.14220063,186.387145207,23,51.510096939,-0.1345742654
1350,51.51193599,-0.14224451,259.586324587,23,51.510096939,-0.1345742654
1351,51.51252026,-0.14151353,249.48301852,23,51.510096939,-0.1345742654
1353,51.5102782,-0.14582389,372.456289536,23,51.510096939,-0.1345742654
1354,51.51058578,-0.14471897,267.349607626,23,51.510096939,-0.1345742654
1360,51.51005522,-0.14338026,324.801050658,23,51.510096939,-0.1345742654
1361,51.51099656,-0.14309045,175.313558993,23,51.510096939,-0.1345742654
1362,51.51097254,-0.14160554,317.348875799,23,51.510096939,-0.1345742654
1364,51.51181753,-0.14134997,278.875542434,23,51.510096939,-0.1345742654
1365,51.51079276,-0.14037017,411.557433355,23,51.510096939,-0.1345742654
1366,51.51173706,-0.14063727,343.241087384,23,51.510096939,-0.1345742654
1367,51.51005633,-0.14290604,314.818687172,23,51.510096939,-0.1345742654
1397,51.51239029,-0.14657395,165.470169366,23,51.510096939,-0.1345742654
197,51.50827841,-0.1322549,340.605012641,22,51.5021733401,-0.1747202739
198,51.50827841,-0.1322549,340.605012641,22,51.5021733401,-0.1747202739
226,51.50736057,-0.13608398,428.345499641,22,51.5021733401,-0.1747202739
227,51.50770957,-0.13515365,426.202787528,22,51.5021733401,-0.1747202739
756,51.51261659,-0.13275492,355.432847758,22,51.5021733401,-0.1747202739
1051,51.51082155,-0.13260763,230.604478456,22,51.5021733401,-0.1747202739
1052,51.51082155,-0.13260763,230.604478456,22,51.5021733401,-0.1747202739
1142,51.50884115,-0.13218315,250.228288098,22,51.5021733401,-0.1747202739
1143,51.5101093,-0.13212114,186.96499089,22,51.5021733401,-0.1747202739
1144,51.51048813,-0.13735532,201.849756629,22,51.5021733401,-0.1747202739
1145,51.51113639,-0.13806872,289.016933086,22,51.5021733401,-0.1747202739
1146,51.51113639,-0.13806872,289.016933086,22,51.5021733401,-0.1747202739
1147,51.51170645,-0.1368569,242.29602315,22,51.5021733401,-0.1747202739
1148,51.51168598,-0.13781029,312.4634033,22,51.5021733401,-0.1747202739
1149,51.51232934,-0.13617912,334.605705834,22,51.5021733401,-0.1747202739
1150,51.51219429,-0.13319637,282.723512061,22,51.5021733401,-0.1747202739
1151,51.51250734,-0.13169923,358.211502212,22,51.5021733401,-0.1747202739
1152,51.51278222,-0.1310154,418.794737099,22,51.5021733401,-0.1747202739
1155,51.5117241,-0.12909489,508.91560955,22,51.5021733401,-0.1747202739
1163,51.51348743,-0.13408502,450.042610578,22,51.5021733401,-0.1747202739
1166,51.51353672,-0.13610225,478.27617754,22,51.5021733401,-0.1747202739
1168,51.51377968,-0.13654531,498.264877036,22,51.5021733401,-0.1747202739
1372,51.50883106,-0.13562569,211.173349464,22,51.5021733401,-0.1747202739
1383,51.5092844,-0.13331336,206.804889549,22,51.5021733401,-0.1747202739
1385,51.50809162,-0.13299894,294.295192765,22,51.5021733401,-0.1747202739
1386,51.50789443,-0.13354411,296.013547789,22,51.5021733401,-0.1747202739
1395,51.51141556,-0.13834165,325.449117444,22,51.5021733401,-0.1747202739
1398,51.50791783,-0.1349487,434.524227839,22,51.5021733401,-0.1747202739
1399,51.5071611,-0.13425719,428.543059766,22,51.5021733401,-0.1747202739
951,51.49946751,-0.16984029,619.828837005,21,51.4907950482,-0.1496519636
952,51.50170837,-0.17193627,250.772047376,21,51.4907950482,-0.1496519636
953,51.49841198,-0.17967045,602.116309253,21,51.4907950482,-0.1496519636
1074,51.50113802,-0.17010129,433.320465728,21,51.4907950482,-0.1496519636
1075,51.50063126,-0.16965078,526.370518616,21,51.4907950482,-0.1496519636
1077,51.49991588,-0.1728324,379.412354752,21,51.4907950482,-0.1496519636
1078,51.50164265,-0.17424807,94.7320534471,21,51.4907950482,-0.1496519636
1082,51.50029786,-0.17893206,464.023455419,21,51.4907950482,-0.1496519636
1083,51.50101592,-0.17822363,354.985071251,21,51.4907950482,-0.1496519636
1084,51.49920583,-0.17972868,641.31726244,21,51.4907950482,-0.1496519636
1085,51.49970309,-0.17895745,545.441326497,21,51.4907950482,-0.1496519636
1086,51.49989939,-0.17624031,355.387158545,21,51.4907950482,-0.1496519636
1087,51.49996011,-0.17528951,289.119365938,21,51.4907950482,-0.1496519636
613,51.4931968,-0.14585653,440.320026606,20,51.4900645187,-0.1326882225
872,51.4916769,-0.14579725,405.307827583,20,51.4900645187,-0.1326882225
876,51.49062147,-0.14470774,394.574630695,20,51.4900645187,-0.1326882225
879,51.48976467,-0.14574526,351.931167637,20,51.4900645187,-0.1326882225
883,51.49165661,-0.14633813,488.196500598,20,51.4900645187,-0.1326882225
884,51.49302995,-0.14473394,530.146288415,20,51.4900645187,-0.1326882225
891,51.48968771,-0.15082566,187.223522055,20,51.4900645187,-0.1326882225
892,51.49068664,-0.1507454,106.384594747,20,51.4900645187,-0.1326882225
893,51.49064014,-0.15273329,223.529931493,20,51.4900645187,-0.1326882225
894,51.49024333,-0.15365154,320.045321265,20,51.4900645187,-0.1326882225
895,51.49041669,-0.15441503,364.497083324,20,51.4900645187,-0.1326882225
896,51.49053607,-0.15545963,465.026262596,20,51.4900645187,-0.1326882225
897,51.49088807,-0.15323106,294.371821251,20,51.4900645187,-0.1326882225
898,51.49182747,-0.1545648,434.943960315,20,51.4900645187,-0.1326882225
899,51.49152715,-0.15563199,534.136903271,20,51.4900645187,-0.1326882225
900,51.49248514,-0.15294659,346.889666885,20,51.4900645187,-0.1326882225
901,51.49313648,-0.15318175,412.652745814,20,51.4900645187,-0.1326882225
903,51.49230771,-0.15137356,272.819373853,20,51.4900645187,-0.1326882225
904,51.49353638,-0.15011776,423.372311378,20,51.4900645187,-0.1326882225
906,51.49170223,-0.14858388,125.306918682,20,51.4900645187,-0.1326882225
907,51.49314619,-0.15001051,391.667621103,20,51.4900645187,-0.1326882225
917,51.49447991,-0.14777897,501.154831859,20,51.4900645187,-0.1326882225
918,51.49458068,-0.14827999,537.096439469,20,51.4900645187,-0.1326882225
955,51.49301698,-0.14591199,420.479497869,20,51.4900645187,-0.1326882225
958,51.49340426,-0.1480626,366.677823121,20,51.4900645187,-0.1326882225
964,51.49032091,-0.1455278,338.949280575,20,51.4900645187,-0.1326882225
966,51.49345616,-0.14553285,475.832736309,20,51.4900645187,-0.1326882225
968,51.49132131,-0.14492677,477.408328237,20,51.4900645187,-0.1326882225
976,51.48858411,-0.14625932,367.297821275,20,51.4900645187,-0.1326882225
978,51.49068431,-0.14611521,338.309797242,20,51.4900645187,-0.1326882225
996,51.49084305,-0.14462268,399.175899555,20,51.4900645187,-0.1326882225
997,51.49064896,-0.1454581,337.463176581,20,51.4900645187,-0.1326882225
998,51.49016606,-0.14703537,215.700409015,20,51.4900645187,-0.1326882225
1007,51.492719,-0.14860866,283.348610765,20,51.4900645187,-0.1326882225
1012,51.49206328,-0.15009637,199.458751441,20,51.4900645187,-0.1326882225
1059,51.49218488,-0.15496547,483.515435031,20,51.4900645187,-0.1326882225
1063,51.49160311,-0.15003417,131.677970979,20,51.4900645187,-0.1326882225
1064,51.49151466,-0.15231498,278.08356658,20,51.4900645187,-0.1326882225
295,51.49179586,-0.13444371,280.352389885,19,51.5032454679,-0.1499545756
296,51.49242336,-0.13338618,343.3421146,19,51.5032454679,-0.1499545756
297,51.49192796,-0.13257745,236.036147369,19,51.5032454679,-0.1499545756
298,51.49119647,-0.13388588,185.438096814,19,51.5032454679,-0.1499545756
304,51.48976755,-0.13144865,324.175527716,19,51.5032454679,-0.1499545756
306,51.49106243,-0.1319186,147.024521017,19,51.5032454679,-0.1499545756
307,51.49106243,-0.1319186,147.024521017,19,51.5032454679,-0.1499545756
308,51.48922052,-0.12938045,303.144296518,19,51.5032454679,-0.1499545756
309,51.48975387,-0.12960205,284.577010816,19,51.5032454679,-0.1499545756
312,51.4907502,-0.129364,348.442851775,19,51.5032454679,-0.1499545756
315,51.49102033,-0.13007237,337.028764591,19,51.5032454679,-0.1499545756
316,51.49059514,-0.12821189,456.452221123,19,51.5032454679,-0.1499545756
317,51.49078088,-0.12859438,423.338484828,19,51.5032454679,-0.1499545756
318,51.49035136,-0.12725058,528.244838332,19,51.5032454679,-0.1499545756
856,51.48858944,-0.13411389,224.221523451,19,51.5032454679,-0.1499545756
861,51.4886985,-0.13715424,451.095971988,19,51.5032454679,-0.1499545756
973,51.48768505,-0.13452201,365.539297213,19,51.5032454679,-0.1499545756
974,51.4892345,-0.13453799,188.127842091,19,51.5032454679,-0.1499545756
990,51.48917738,-0.13648347,380.338893352,19,51.5032454679,-0.1499545756
992,51.48617133,-0.1346155,582.594152603,19,51.5032454679,-0.1499545756
1020,51.48979563,-0.13685786,411.416503485,19,51.5032454679,-0.1499545756
222,51.5056018,-0.15078767,344.255347073,18,51.4980762198,-0.143871987
932,51.50043675,-0.15019976,427.230474991,18,51.4980762198,-0.143871987
933,51.50019332,-0.15177723,474.024398481,18,51.4980762198,-0.143871987
934,51.50090975,-0.15212374,356.034993557,18,51.4980762198,-0.143871987
939,51.50183983,-0.15845654,647.038869374,18,51.4980762198,-0.143871987
960,51.50084006,-0.15531621,626.337313149,18,51.4980762198,-0.143871987
962,51.50172192,-0.15638813,561.473448691,18,51.4980762198,-0.143871987
963,51.50166331,-0.15608846,565.184591078,18,51.4980762198,-0.143871987
1008,51.50079104,-0.15346153,461.225266373,18,51.4980762198,-0.143871987
1013,51.50164171,-0.15572886,541.456723636,18,51.4980762198,-0.143871987
1066,51.5013965,-0.15337682,391.665106974,18,51.4980762198,-0.143871987
1067,51.50048568,-0.1528315,424.175850332,18,51.4980762198,-0.143871987
1313,51.50654787,-0.14779615,537.910373472,18,51.4980762198,-0.143871987
1314,51.50578711,-0.14800539,427.556164651,18,51.4980762198,-0.143871987
1315,51.50477992,-0.1503773,302.850138323,18,51.4980762198,-0.143871987
1316,51.50373791,-0.14930141,125.5613905,18,51.4980762198,-0.143871987
1317,51.50499091,-0.14815425,290.085038558,18,51.4980762198,-0.143871987
1318,51.5064119,-0.14633293,530.943324736,18,51.4980762198,-0.143871987
360,51.49670203,-0.13861263,474.965801521,17,51.5009898822,-0.1261366563
369,51.49605383,-0.14049683,435.723628797,17,51.5009898822,-0.1261366563
370,51.49715052,-0.14288397,192.515381264,17,51.5009898822,-0.1261366563
371,51.49829381,-0.1400786,374.321637287,17,51.5009898822,-0.1261366563
372,51.49865218,-0.14134694,277.60280559,17,51.5009898822,-0.1261366563
373,51.49804938,-0.13989887,403.229710078,17,51.5009898822,-0.1261366563
374,51.49745364,-0.13954002,466.248177279,17,51.5009898822,-0.1261366563
375,51.49920895,-0.14044607,388.681240674,17,51.5009898822,-0.1261366563
376,51.49865838,-0.14060281,343.94093132,17,51.5009898822,-0.1261366563
377,51.4995978,-0.14202809,227.240553552,17,51.5009898822,-0.1261366563
378,51.49890606,-0.13752531,590.276952868,17,51.5009898822,-0.1261366563
905,51.49500578,-0.14836312,564.420318236,17,51.5009898822,-0.1261366563
916,51.4971739,-0.14907643,437.013868198,17,51.5009898822,-0.1261366563
923,51.49581717,-0.1460969,333.027146491,17,51.5009898822,-0.1261366563
924,51.49635261,-0.14572262,316.300453284,17,51.5009898822,-0.1261366563
925,51.49719504,-0.14522665,172.931195359,17,51.5009898822,-0.1261366563
926,51.49799377,-0.14483875,85.1076233535,17,51.5009898822,-0.1261366563
927,51.49774695,-0.14573309,178.792605943,17,51.5009898822,-0.1261366563
930,51.49926608,-0.14906009,458.008089035,17,51.5009898822,-0.1261366563
931,51.49979805,-0.14931115,491.566085895,17,51.5009898822,-0.1261366563
959,51.49491309,-0.1471147,477.584233413,17,51.5009898822,-0.1261366563
1009,51.49763162,-0.14746266,335.631082043,17,51.5009898822,-0.1261366563
1010,51.4958346,-0.14643085,354.646147571,17,51.5009898822,-0.1261366563
1014,51.49903692,-0.14829506,372.846378668,17,51.5009898822,-0.1261366563
1065,51.49518654,-0.14806215,536.287786975,17,51.5009898822,-0.1261366563
1068,51.49643377,-0.14786399,474.261735357,17,51.5009898822,-0.1261366563
1410,51.49879012,-0.1415796,256.910880724,17,51.5009898822,-0.1261366563
1411,51.49823833,-0.14308545,88.5628597312,17,51.5009898822,-0.1261366563
379,51.49861878,-0.13475001,770.927649531,16,51.5073503775,-0.128034529
380,51.49946607,-0.13308028,605.383680694,16,51.5073503775,-0.128034529
381,51.49975287,-0.13264293,556.476585699,16,51.5073503775,-0.128034529
382,51.49976454,-0.13158587,483.580612067,16,51.5073503775,-0.128034529
383,51.49976454,-0.13158587,483.580612067,16,51.5073503775,-0.128034529
384,51.50030759,-0.1301167,383.28835444,16,51.5073503775,-0.128034529
385,51.50077866,-0.13111261,389.262305852,16,51.5073503775,-0.128034529
386,51.50059871,-0.13228672,483.182382205,16,51.5073503775,-0.128034529
387,51.50059122,-0.13278848,517.971119865,16,51.5073503775,-0.128034529
388,51.50056467,-0.13333877,556.125596088,16,51.5073503775,-0.128034529
389,51.50052623,-0.13301648,533.993345407,16,51.5073503775,-0.128034529
1092,51.49966526,-0.13042232,402.487797389,16,51.5073503775,-0.128034529
1099,51.50372341,-0.12337616,445.094692986,16,51.5073503775,-0.128034529
194,51.50572458,-0.13390627,588.97463469,15,51.5160969604,-0.1874694979
195,51.5065838,-0.13150277,439.171404643,15,51.5160969604,-0.1874694979
196,51.5063387,-0.13223922,454.567964946,15,51.5160969604,-0.1874694979
231,51.5067186,-0.13232157,390.571313274,15,51.5160969604,-0.1874694979
232,51.50679193,-0.13199019,376.627384925,15,51.5160969604,-0.1874694979
1025,51.50695936,-0.12453429,264.25889059,15,51.5160969604,-0.1874694979
1049,51.50952626,-0.12531588,418.88876625,15,51.5160969604,-0.1874694979
1098,51.50557639,-0.12277474,528.147316524,15,51.5160969604,-0.1874694979
1136,51.51084013,-0.12708775,457.235276313,15,51.5160969604,-0.1874694979
1138,51.50973094,-0.12432933,516.625083627,15,51.5160969604,-0.1874694979
1139,51.50952865,-0.12572605,390.412018784,15,51.5160969604,-0.1874694979
1140,51.50873294,-0.13095626,290.027712253,15,51.5160969604,-0.1874694979
1141,51.50822544,-0.13112524,277.317401016,15,51.5160969604,-0.1874694979
1387,51.50700966,-0.13261454,352.337687388,15,51.5160969604,-0.1874694979
1390,51.50655466,-0.13417271,465.41955436,15,51.5160969604,-0.1874694979
516,51.51705436,-0.18624215,173.019562929,14,51.5214272416,-0.1984147134
517,51.51727072,-0.18595822,218.168755862,14,51.5214272416,-0.1984147134
518,51.51797359,-0.18794287,255.12846435,14,51.5214272416,-0.1984147134
522,51.51743479,-0.18762553,183.586205451,14,51.5214272416,-0.1984147134
524,51.51591821,-0.1895013,164.571563252,14,51.5214272416,-0.1984147134
525,51.51583636,-0.1899578,199.739616619,14,51.5214272416,-0.1984147134
545,51.51713259,-0.18841816,149.206532576,14,51.5214272416,-0.1984147134
547,51.51428729,-0.18783585,246.393790877,14,51.5214272416,-0.1984147134
548,51.51485719,-0.18800297,181.940396102,14,51.5214272416,-0.1984147134
564,51.51522723,-0.19121121,301.844558605,14,51.5214272416,-0.1984147134
575,51.51600947,-0.19287175,446.179864831,14,51.5214272416,-0.1984147134
576,51.51502109,-0.1928356,422.469933539,14,51.5214272416,-0.1984147134
579,51.51494475,-0.19182811,376.576968724,14,51.5214272416,-0.1984147134
609,51.52009048,-0.20159836,408.65134276,13,51.5200480603,-0.1789812803
778,51.52323761,-0.20098068,413.181980732,13,51.5200480603,-0.1789812803
780,51.52291545,-0.20050997,420.313338412,13,51.5200480603,-0.1789812803
826,51.52292271,-0.2011761,372.781476938,13,51.5200480603,-0.1789812803
837,51.52332847,-0.20218183,417.681358754,13,51.5200480603,-0.1789812803
486,51.51900207,-0.17744776,188.715061752,12,51.5200480603,-0.1789812803
487,51.51893422,-0.17495356,379.873553242,12,51.5200480603,-0.1789812803
488,51.51966525,-0.1733831,435.479182145,12,51.5200480603,-0.1789812803
489,51.51952832,-0.17725577,288.146301722,12,51.5200480603,-0.1789812803
495,51.51644081,-0.17835161,559.856675537,12,51.5200480603,-0.1789812803
496,51.51640298,-0.17806549,576.747909636,12,51.5200480603,-0.1789812803
497,51.51730625,-0.18008364,435.365883037,12,51.5200480603,-0.1789812803
498,51.51730625,-0.18008364,435.365883037,12,51.5200480603,-0.1789812803
499,51.51612048,-0.17836205,613.034071777,12,51.5200480603,-0.1789812803
614,51.51965825,-0.17671745,247.87283538,12,51.5200480603,-0.1789812803
1090,51.51623281,-0.17780598,602.636728653,12,51.5200480603,-0.1789812803
1091,51.51623281,-0.17780598,602.636728653,12,51.5200480603,-0.1789812803
166,51.52082542,-0.19055446,284.06777007,11,51.5229993296,-0.1945431985
169,51.52034949,-0.19166615,246.281107822,11,51.5229993296,-0.1945431985
170,51.52081135,-0.1908153,267.453455109,11,51.5229993296,-0.1945431985
172,51.52180913,-0.18835817,545.475916951,11,51.5229993296,-0.1945431985
523,51.5177773,-0.18906497,213.184348733,11,51.5229993296,-0.1945431985
527,51.51872395,-0.18954321,136.190971834,11,51.5229993296,-0.1945431985
528,51.51788998,-0.19087714,293.314520744,11,51.5229993296,-0.1945431985
95,51.52536673,-0.19686548,458.395902752,10,51.5275402628,-0.1831370553
101,51.52507998,-0.19836804,480.115500024,10,51.5275402628,-0.1831370553
123,51.52452629,-0.19049894,328.356994137,10,51.5275402628,-0.1831370553
138,51.5242044,-0.18868961,472.259168511,10,51.5275402628,-0.1831370553
139,51.52610471,-0.19257812,551.060820795,10,51.5275402628,-0.1831370553
142,51.52579113,-0.19630354,484.259890755,10,51.5275402628,-0.1831370553
144,51.52564306,-0.19738492,458.652692447,10,51.5275402628,-0.1831370553
145,51.52379254,-0.197698,262.308726675,10,51.5275402628,-0.1831370553
146,51.52469444,-0.19748053,363.470792966,10,51.5275402628,-0.1831370553
152,51.52335261,-0.19487413,90.9962846326,10,51.5275402628,-0.1831370553
153,51.52267031,-0.19364487,102.98901525,10,51.5275402628,-0.1831370553
154,51.52307808,-0.19380436,66.4743154141,10,51.5275402628,-0.1831370553
155,51.52488644,-0.19714271,356.682624833,10,51.5275402628,-0.1831370553
156,51.52358097,-0.19473684,116.935531333,10,51.5275402628,-0.1831370553
157,51.52467935,-0.19321854,295.62343374,10,51.5275402628,-0.1831370553
158,51.52377043,-0.19471169,147.177168576,10,51.5275402628,-0.1831370553
159,51.52470015,-0.19376923,278.823928379,10,51.5275402628,-0.1831370553
160,51.52534015,-0.19645206,411.683446357,10,51.5275402628,-0.1831370553
161,51.52418196,-0.19424721,210.620938272,10,51.5275402628,-0.1831370553
162,51.52558707,-0.19554547,437.249473171,10,51.5275402628,-0.1831370553
165,51.52131447,-0.19364467,273.667503979,10,51.5275402628,-0.1831370553
168,51.52154743,-0.19150865,333.677992977,10,51.5275402628,-0.1831370553
779,51.523427,-0.19878318,327.805758905,10,51.5275402628,-0.1831370553
825,51.52306411,-0.19892344,368.993804181,10,51.5275402628,-0.1831370553
87,51.52959386,-0.18428561,304.329363665,9,51.5103622254,-0.1857801534
89,51.53011133,-0.18582188,359.470553903,9,51.5103622254,-0.1857801534
90,51.53019431,-0.1854601,384.511399654,9,51.5103622254,-0.1857801534
91,51.52923595,-0.18740345,409.668504376,9,51.5103622254,-0.1857801534
92,51.52723973,-0.19173038,633.453270405,9,51.5103622254,-0.1857801534
97,51.52783382,-0.18207303,95.4043848264,9,51.5103622254,-0.1857801534
98,51.52580652,-0.17958544,379.413588681,9,51.5103622254,-0.1857801534
99,51.52680313,-0.18226921,103.097200851,9,51.5103622254,-0.1857801534
100,51.53048317,-0.18499533,429.637940886,9,51.5103622254,-0.1857801534
103,51.52538889,-0.18769236,408.516063551,9,51.5103622254,-0.1857801534
105,51.52750355,-0.18489804,125.122185505,9,51.5103622254,-0.1857801534
106,51.52768987,-0.18993265,474.814744241,9,51.5103622254,-0.1857801534
110,51.52920663,-0.18694777,363.827898262,9,51.5103622254,-0.1857801534
113,51.52545199,-0.18036475,303.082976408,9,51.5103622254,-0.1857801534
114,51.52545199,-0.18036475,303.082976408,9,51.5103622254,-0.1857801534
115,51.52738156,-0.19011849,556.604821282,9,51.5103622254,-0.1857801534
116,51.52603185,-0.18752612,389.353952749,9,51.5103622254,-0.1857801534
117,51.52753054,-0.19214178,673.417637023,9,51.5103622254,-0.1857801534
119,51.53034745,-0.18650693,388.877386706,9,51.5103622254,-0.1857801534
120,51.52774802,-0.18347967,31.428576389,9,51.5103622254,-0.1857801534
122,51.52783739,-0.1823929,61.1272185021,9,51.5103622254,-0.1857801534
130,51.52639335,-0.19124741,697.200437329,9,51.5103622254,-0.1857801534
131,51.52618628,-0.19080112,658.604299261,9,51.5103622254,-0.1857801534
132,51.52594006,-0.19022963,610.406654153,9,51.5103622254,-0.1857801534
133,51.52571816,-0.18973472,568.106119572,9,51.5103622254,-0.1857801534
134,51.52541851,-0.18906576,510.744344765,9,51.5103622254,-0.1857801534
450,51.52543379,-0.17985438,359.451399749,9,51.5103622254,-0.1857801534
451,51.5250059,-0.17978118,367.097214149,9,51.5103622254,-0.1857801534
453,51.52465632,-0.17979276,419.939582854,9,51.5103622254,-0.1857801534
754,51.52548349,-0.18059862,290.104532823,9,51.5103622254,-0.1857801534
539,51.51174297,-0.18536218,143.442007101,8,51.5116145432,-0.175600077
540,51.51145848,-0.18517555,109.832817571,8,51.5116145432,-0.175600077
541,51.51238702,-0.18652701,229.892892708,8,51.5116145432,-0.175600077
542,51.51203665,-0.18628914,188.364585076,8,51.5116145432,-0.175600077
543,51.51132632,-0.18603449,107.39272763,8,51.5116145432,-0.175600077
544,51.51180996,-0.18755016,257.703576931,8,51.5116145432,-0.175600077
546,51.51141142,-0.18738994,212.283082319,8,51.5116145432,-0.175600077
549,51.51222608,-0.18685889,243.316067824,8,51.5116145432,-0.175600077
470,51.51473826,-0.17580047,475.117201465,7,51.5152792468,-0.1420136956
471,51.51462484,-0.1755036,451.916808845,7,51.5152792468,-0.1420136956
500,51.5144862,-0.17957757,604.200920021,7,51.5152792468,-0.1420136956
501,51.51298936,-0.17726042,415.847889212,7,51.5152792468,-0.1420136956
502,51.51244972,-0.1764811,334.95566448,7,51.5152792468,-0.1420136956
520,51.51535399,-0.18082727,734.547456777,7,51.5152792468,-0.1420136956
672,51.51310461,-0.16954516,494.629262877,7,51.5152792468,-0.1420136956
729,51.51386866,-0.17208834,414.477364952,7,51.5152792468,-0.1420136956
730,51.51315156,-0.17379048,330.769985963,7,51.5152792468,-0.1420136956
731,51.51340467,-0.17331946,336.384141782,7,51.5152792468,-0.1420136956
1088,51.51255603,-0.17340739,193.510759322,7,51.5152792468,-0.1420136956
1460,51.51280459,-0.17482492,428.683364422,7,51.5152792468,-0.1420136956
209,51.51440268,-0.1438235,262.306579651,6,51.5139084944,-0.1538174296
212,51.51393098,-0.141966,176.673121227,6,51.5139084944,-0.1538174296
213,51.51393098,-0.141966,176.673121227,6,51.5139084944,-0.1538174296
650,51.52013996,-0.13868462,675.307086743,6,51.5139084944,-0.1538174296
662,51.51949293,-0.14100701,606.048443245,6,51.5139084944,-0.1538174296
683,51.51711794,-0.13866308,404.804816526,6,51.5139084944,-0.1538174296
1167,51.51540741,-0.13755876,345.085450478,6,51.5139084944,-0.1538174296
1170,51.5143986,-0.13903436,314.137280042,6,51.5139084944,-0.1538174296
1185,51.51447411,-0.14404989,224.803799508,6,51.5139084944,-0.1538174296
1214,51.51927613,-0.14044569,600.703133876,6,51.5139084944,-0.1538174296
1215,51.51927613,-0.14044569,600.703133876,6,51.5139084944,-0.1538174296
1216,51.51910949,-0.14136404,534.25860337,6,51.5139084944,-0.1538174296
1217,51.5189006,-0.14252973,476.655088041,6,51.5139084944,-0.1538174296
1218,51.51918577,-0.14258566,514.253410712,6,51.5139084944,-0.1538174296
1221,51.51629562,-0.14113126,177.830513193,6,51.5139084944,-0.1538174296
1223,51.51860645,-0.14039467,513.291878808,6,51.5139084944,-0.1538174296
1224,51.51851838,-0.14009721,543.104898052,6,51.5139084944,-0.1538174296
1231,51.51653923,-0.13851865,344.254679151,6,51.5139084944,-0.1538174296
1232,51.5189412,-0.14076093,542.366989066,6,51.5139084944,-0.1538174296
1233,51.51708561,-0.13913455,372.416839386,6,51.5139084944,-0.1538174296
1234,51.51596919,-0.14185867,95.7900703776,6,51.5139084944,-0.1538174296
1235,51.51599001,-0.1398698,203.468435914,6,51.5139084944,-0.1538174296
1236,51.51800547,-0.14148474,390.595848266,6,51.5139084944,-0.1538174296
1237,51.5157748,-0.14290002,116.813694362,6,51.5139084944,-0.1538174296
1346,51.51445414,-0.14326035,311.228070712,6,51.5139084944,-0.1538174296
191,51.51317178,-0.15197244,213.771513267,5,51.513241497,-0.1599572772
192,51.51317178,-0.15197244,213.771513267,5,51.513241497,-0.1599572772
200,51.51279352,-0.15440294,177.846511528,5,51.513241497,-0.1599572772
202,51.5121036,-0.15145315,341.493990992,5,51.513241497,-0.1599572772
203,51.51222762,-0.15134478,352.891902386,5,51.513241497,-0.1599572772
204,51.51175538,-0.15023998,456.894328017,5,51.513241497,-0.1599572772
229,51.51135343,-0.15555204,431.882300228,5,51.513241497,-0.1599572772
578,51.51304849,-0.15620268,226.481434051,5,51.513241497,-0.1599572772
648,51.51615237,-0.15243264,378.54298218,5,51.513241497,-0.1599572772
652,51.51718739,-0.15687008,514.744002831,5,51.513241497,-0.1599572772
654,51.51430784,-0.15606683,223.385864948,5,51.513241497,-0.1599572772
728,51.51530822,-0.14934605,429.748646308,5,51.513241497,-0.1599572772
744,51.51549769,-0.15369236,227.892058033,5,51.513241497,-0.1599572772
1242,51.51499776,-0.14847355,473.749433307,5,51.513241497,-0.1599572772
1248,51.51519053,-0.14950529,419.477282987,5,51.513241497,-0.1599572772
1264,51.51640035,-0.15280147,433.718822804,5,51.513241497,-0.1599572772
1265,51.51640035,-0.15280147,433.718822804,5,51.513241497,-0.1599572772
1266,51.51600897,-0.15225581,359.58503323,5,51.513241497,-0.1599572772
1267,51.51497411,-0.15182882,265.333209844,5,51.513241497,-0.1599572772
1268,51.51528257,-0.15153605,320.050088315,5,51.513241497,-0.1599572772
1269,51.51495229,-0.15119768,286.754636649,5,51.513241497,-0.1599572772
1270,51.51452334,-0.15044161,281.549900597,5,51.513241497,-0.1599572772
1272,51.51725068,-0.15371798,464.218926517,5,51.513241497,-0.1599572772
1273,51.51536744,-0.15664504,351.89020545,5,51.513241497,-0.1599572772
1274,51.51457952,-0.15611446,250.211447266,5,51.513241497,-0.1599572772
1276,51.51591174,-0.15776554,463.353590735,5,51.513241497,-0.1599572772
1281,51.51249989,-0.1562825,310.422307899,5,51.513241497,-0.1599572772
1282,51.5118348,-0.1550678,345.428174723,5,51.513241497,-0.1599572772
1286,51.51310454,-0.15519272,169.874809719,5,51.513241497,-0.1599572772
1287,51.51220252,-0.15312092,197.137365074,5,51.513241497,-0.1599572772
1288,51.51229358,-0.15432221,264.412347104,5,51.513241497,-0.1599572772
1289,51.51371497,-0.15265823,117.481336261,5,51.513241497,-0.1599572772
1290,51.51149019,-0.15451022,358.235351203,5,51.513241497,-0.1599572772
1291,51.51359858,-0.15235333,150.218471477,5,51.513241497,-0.1599572772
1292,51.51382086,-0.15125623,213.890998893,5,51.513241497,-0.1599572772
1293,51.5138716,-0.15054995,260.06200282,5,51.513241497,-0.1599572772
1294,51.51290863,-0.14959216,410.364225798,5,51.513241497,-0.1599572772
1403,51.51693323,-0.15280978,465.639431768,5,51.513241497,-0.1599572772
1461,51.51588835,-0.15133135,397.346797037,5,51.513241497,-0.1599572772
634,51.51430993,-0.15768291,283.6012953,4,51.5238034277,-0.1464973943
639,51.51348998,-0.16229765,298.530600306,4,51.5238034277,-0.1464973943
640,51.51455874,-0.16542681,467.441636705,4,51.5238034277,-0.1464973943
655,51.51504763,-0.15949606,271.767169625,4,51.5238034277,-0.1464973943
656,51.51504763,-0.15949606,271.767169625,4,51.5238034277,-0.1464973943
657,51.51503174,-0.15971123,257.936681565,4,51.5238034277,-0.1464973943
723,51.5144038,-0.16032016,254.113985049,4,51.5238034277,-0.1464973943
724,51.51410497,-0.16252616,220.172277701,4,51.5238034277,-0.1464973943
725,51.51399414,-0.16276548,239.429136397,4,51.5238034277,-0.1464973943
726,51.5147334,-0.15868326,268.246283346,4,51.5238034277,-0.1464973943
732,51.5153588,-0.16070545,364.06703793,4,51.5238034277,-0.1464973943
733,51.51559737,-0.15924612,365.998988063,4,51.5238034277,-0.1464973943
734,51.51567682,-0.15916428,373.702237811,4,51.5238034277,-0.1464973943
1275,51.51502253,-0.15821268,335.930753422,4,51.5238034277,-0.1464973943
1277,51.51517848,-0.16181999,346.290235424,4,51.5238034277,-0.1464973943
1278,51.51442132,-0.16062664,234.03368034,4,51.5238034277,-0.1464973943
1280,51.51214214,-0.15713618,301.91356082,4,51.5238034277,-0.1464973943
1416,51.51413815,-0.15968791,185.29810663,4,51.5238034277,-0.1464973943
1436,51.51603412,-0.15864565,451.413009555,4,51.5238034277,-0.1464973943
1437,51.51575434,-0.16003347,341.254202414,4,51.5238034277,-0.1464973943
1447,51.51535409,-0.16524524,489.468274578,4,51.5238034277,-0.1464973943
1448,51.51491034,-0.16539863,474.478865298,4,51.5238034277,-0.1464973943
1449,51.514751,-0.1639239,366.190673668,4,51.5238034277,-0.1464973943
630,51.5230712,-0.14342712,333.296024755,3,51.5200764457,-0.1704037399
631,51.52122801,-0.14258992,546.458945404,3,51.5200764457,-0.1704037399
641,51.52243037,-0.15013297,375.716943827,3,51.5200764457,-0.1704037399
644,51.52243779,-0.15026224,372.520939456,3,51.5200764457,-0.1704037399
645,51.52189704,-0.14663288,405.394675262,3,51.5200764457,-0.1704037399
663,51.52203477,-0.14436658,425.996160483,3,51.5200764457,-0.1704037399
666,51.5228379,-0.14870049,242.382133167,3,51.5200764457,-0.1704037399
667,51.52261851,-0.14870996,265.680102753,3,51.5200764457,-0.1704037399
704,51.52325457,-0.14534813,178.078537936,3,51.5200764457,-0.1704037399
705,51.52349493,-0.145313,151.976363322,3,51.5200764457,-0.1704037399
706,51.52284514,-0.14672246,227.451387247,3,51.5200764457,-0.1704037399
711,51.52261569,-0.14623503,288.084366558,3,51.5200764457,-0.1704037399
714,51.52157281,-0.14547983,401.785701827,3,51.5200764457,-0.1704037399
1188,51.52147141,-0.14269667,518.381990093,3,51.5200764457,-0.1704037399
1198,51.52151248,-0.14575286,414.943156797,3,51.5200764457,-0.1704037399
1199,51.52166674,-0.14354339,434.419035865,3,51.5200764457,-0.1704037399
1200,51.52220487,-0.14526409,380.624078908,3,51.5200764457,-0.1704037399
1210,51.52122505,-0.14371231,504.725144656,3,51.5200764457,-0.1704037399
1212,51.52144933,-0.14411548,493.419380532,3,51.5200764457,-0.1704037399
1415,51.5234663,-0.14353003,289.032402555,3,51.5200764457,-0.1704037399
414,51.52224408,-0.16649014,448.15037123,2,51.5220687702,-0.1575091502
415,51.52054613,-0.17030851,84.4873089104,2,51.5220687702,-0.1575091502
416,51.52074159,-0.16964177,135.354769384,2,51.5220687702,-0.1575091502
417,51.52216936,-0.16546529,447.337706054,2,51.5220687702,-0.1575091502
418,51.52175676,-0.1707353,253.187232287,2,51.5220687702,-0.1575091502
426,51.52259123,-0.16874497,419.047409486,2,51.5220687702,-0.1575091502
431,51.52084838,-0.16785966,316.106584128,2,51.5220687702,-0.1575091502
439,51.52160136,-0.17310338,298.83175898,2,51.5220687702,-0.1575091502
443,51.52058127,-0.1736476,249.489637769,2,51.5220687702,-0.1575091502
444,51.5208397,-0.17440794,331.975547379,2,51.5220687702,-0.1575091502
390,51.52289106,-0.15932233,330.621950346,1,51.5306222398,-0.1766267468
392,51.52251198,-0.15893508,303.850337013,1,51.5306222398,-0.1766267468
393,51.52423332,-0.1596389,501.359878507,1,51.5306222398,-0.1766267468
394,51.52255065,-0.16097251,332.679881681,1,51.5306222398,-0.1766267468
396,51.52319427,-0.16054153,330.280780134,1,51.5306222398,-0.1766267468
397,51.52262104,-0.16102364,334.014544085,1,51.5306222398,-0.1766267468
398,51.52187129,-0.16128923,298.426967276,1,51.5306222398,-0.1766267468
399,51.52318799,-0.16189203,445.462842846,1,51.5306222398,-0.1766267468
400,51.52512383,-0.16280876,670.070987835,1,51.5306222398,-0.1766267468
401,51.52406327,-0.16286361,590.801470348,1,51.5306222398,-0.1766267468
402,51.52513176,-0.16020497,672.568987608,1,51.5306222398,-0.1766267468
412,51.52174172,-0.16221737,357.208102779,1,51.5306222398,-0.1766267468
611,51.5233929,-0.15883821,430.813499615,1,51.5306222398,-0.1766267468
620,51.51977885,-0.15653603,264.751279083,1,51.5306222398,-0.1766267468
646,51.51933812,-0.15691776,344.468527023,1,51.5306222398,-0.1766267468
678,51.52088906,-0.15404738,422.690254052,1,51.5306222398,-0.1766267468
698,51.52223016,-0.15317947,372.648600707,1,51.5306222398,-0.1766267468
699,51.52103177,-0.15305357,488.607814566,1,51.5306222398,-0.1766267468
700,51.52127457,-0.1535731,425.372748383,1,51.5306222398,-0.1766267468
703,51.52066092,-0.1545605,356.819407301,1,51.5306222398,-0.1766267468
735,51.52045449,-0.16061834,375.113728233,1,51.5306222398,-0.1766267468
751,51.52041666,-0.15959429,322.004747471,1,51.5306222398,-0.1766267468
752,51.52081278,-0.15778212,190.148586327,1,51.5306222398,-0.1766267468
753,51.5207878,-0.15755694,175.915739954,1,51.5306222398,-0.1766267468
1252,51.52060912,-0.15519751,312.663582094,1,51.5306222398,-0.1766267468
1254,51.51989573,-0.15712272,284.040748586,1,51.5306222398,-0.1766267468
1255,51.52156581,-0.15682996,97.6033111292,1,51.5306222398,-0.1766267468
1256,51.52151699,-0.15612423,159.018078797,1,51.5306222398,-0.1766267468
1257,51.51865025,-0.15525785,450.735641696,1,51.5306222398,-0.1766267468
1258,51.52006036,-0.15600484,285.590751004,1,51.5306222398,-0.1766267468
1418,51.52164491,-0.15368236,459.052095149,1,51.5306222398,-0.1766267468
1419,51.52149334,-0.15319406,454.321535325,1,51.5306222398,-0.1766267468
1420,51.52019335,-0.15752316,262.138469763,1,51.5306222398,-0.1766267468
1424,51.51964072,-0.15549717,360.687817714,1,51.5306222398,-0.1766267468
1426,51.5206458,-0.15694201,164.360615986,1,51.5306222398,-0.1766267468
1427,51.52045012,-0.15973853,330.528674249,1,51.5306222398,-0.1766267468
1430,51.52098113,-0.16209987,372.63404429,1,51.5306222398,-0.1766267468
1433,51.52090073,-0.16092698,321.395860467,1,51.5306222398,-0.1766267468
